filename,title,word_count,photo_links,thumbnail_link,author,community_members,category,header_complete,footer_complete,sidebar_complete,ad_in_sidebar,ad_in_article_body,template_type,comment_count,view_count,tags,meta_description,publish_date,completeness_score,is_enhanced_format,has_media_folder,media_folder_path,has_figure_captions,has_newsletter_signup,has_mobile_sticky_ad,has_sticky_sidebar,has_article_layout_class,has_inline_responsive_css,comment_avatars_real,enhanced_format_score,enhanced_article_path,has_alt_text_all_images,has_proper_heading_hierarchy,has_descriptive_link_text,has_form_labels,has_skip_nav_link,has_focus_indicators,has_aria_labels,color_contrast_passes,is_keyboard_navigable,accessibility_score
post-arts-studio-portrait.html,Artist Spotlight: Creating from the Heart,550,images/articles/arts-studio-portrait.webp|images/ads/silk-yoga-banner.webp|images/ads/silk-cafe-banner.webp,images/articles/arts-studio-portrait.webp,Marcus Webb,Ben Okafor|Elena Martinez|Emma Clarke|Marcus Webb|Nathan Cross|Rachel Kim,ARTS,True,True,True,True,False,full,9,2387,ARTS|ARTIST PROFILE|COMMUNITY,Meet a local artist whose creative process and community connection inspire us all to embrace authentic expression.,"10:15 AM, Dec 17",88,False,False,,False,False,False,False,False,False,False,0,,False,False,False,False,False,False,False,False,False,0
post-pottery-studio.html,Clay & Calm: Inside a Local Pottery Studio,494,images/ads/silk-arts-banner.webp|images/ads/silk-homes-banner.webp,images/samples/690x450/arts-pottery-studio.webp,Elena Martinez,Ben Okafor|Elena Martinez|Marcus Webb|Rachel Kim,ARTS,True,True,True,False,True,full,15,2156,ARTS|POTTERY|CERAMICS|COMMUNITY,"In a converted warehouse in Marietta, wet clay spins on wheels and creative souls find their center. Meet the artists shaping more than just pottery—t","2:15 PM, Dec 16",85,False,False,,False,False,False,False,False,False,False,0,,False,False,False,False,False,False,False,False,False,0
post-pottery.html,Clay and Community: Finding Peace in the Pottery Studio,448,images/articles/pottery-studio-clay.webp|images/ads/silk-arts-banner.webp|images/ads/silk-arts-banner.webp|images/ads/silk-homes-banner.webp,images/articles/pottery-studio-clay.webp,Elena Martinez,Ben Okafor|Bill Henderson|Elena Martinez|Emma Clarke|Maya Chen|Rachel Kim|Sarah Mitchell|Tom Richardson,ARTS,True,True,True,True,True,full,14,2847,POTTERY|CLAY WORK|CREATIVE PRACTICE|GRIEF,Elena Martinez shares her journey into pottery—from grief and transition to finding solace in centering clay. A story of transformation through patient attention and creative community at SILK Arts.,"2:47 PM, Dec 11",95,False,False,,False,False,False,False,False,False,False,0,,False,False,False,False,False,False,False,False,False,0
post-art-walk.html,First Friday Art Walk: A Community Tradition,488,images/ads/silk-arts-banner.webp|images/ads/silk-homes-banner.webp,images/samples/690x450/arts-gallery-walk.webp,Marcus Webb,Ben Okafor|David Chen|Elena Martinez|Marcus Webb|Rachel Kim,ARTS,True,True,True,False,True,full,52,4892,ARTS|GALLERY|COMMUNITY|MARIETTA,"On the first Friday of every month, downtown Marietta transforms into an open-air gallery. Local artists open their studios, galleries stay late, and ","6:00 PM, Dec 6",85,False,False,,False,False,False,False,False,False,False,0,,False,False,False,False,False,False,False,False,False,0
post-arts-photography.html,Rachel's Polaroid Project,522,images/articles/arts-photography.webp|images/ads/silk-arts-banner.webp|images/ads/silk-arts-banner.webp|images/ads/silk-homes-banner.webp,images/articles/arts-photography.webp,Rachel Kim,Ben Okafor|Bill Henderson|Elena Martinez|Emma Clarke|Jacob Torres|Maya Chen|Rachel Kim,ARTS,True,True,True,True,True,full,14,2847,PHOTOGRAPHY|POLAROID|COMMUNITY|ARTS,"Rachel started documenting ordinary moments with a thrift store Polaroid. Three months later, our whole community saw themselves differently.","5:30 PM, Dec 11",95,False,False,,False,False,False,False,False,False,False,0,,False,False,False,False,False,False,False,False,False,0
post-sculpting-dreams.html,Sculpting Dreams: The Stone Carvers of SILK Arts,855,images/articles/sculpting-dreams.webp|images/ads/silk-arts-banner.webp|images/ads/silk-arts-banner.webp|images/ads/silk-homes-banner.webp,images/articles/sculpting-dreams.webp,Elena Martinez,Ben Okafor|Bill Henderson|David Chen|Elena Martinez|Emma Clarke|Evie Stone|Marcus Webb|Omar Hassan|Rachel Kim,ARTS,True,True,True,True,True,full,22,4127,ARTS|SCULPTURE|STONE CARVING|CRAFTSMANSHIP,"In the corner workshop at SILK Arts, David Chen and fellow stone carvers discover that creating beauty is its own justification—a meditation on patience, transformation, and working with ancient materials.","2:30 PM, Dec 13",100,False,False,,False,False,False,False,False,False,False,0,,False,False,False,False,False,False,False,False,False,0
post-arts-painting-class.html,The Afternoon Elena Lent Me Her Brushes,855,images/articles/arts-painting-nook.webp|images/ads/silk-arts-banner.webp|images/ads/silk-yoga-banner.webp,images/articles/arts-painting-nook.webp,Rachel Kim,Ben Okafor|Elena Martinez|Marcus Webb|Rachel Kim,ARTS,True,True,True,True,False,full,6,847,ARTS|PAINTING|COMMUNITY,How a cluttered corner in Elena's Victorian cottage became the place where I remembered I was allowed to make things.,"2:30 PM, Dec 19",93,False,False,,False,False,False,False,False,False,False,0,,False,False,False,False,False,False,False,False,False,0
post-arts-first-friday.html,The First Friday When Nobody Came (And Why It Mattered),781,images/articles/arts-first-friday-parlor.webp|images/ads/silk-yoga-banner.webp|images/ads/silk-arts-banner.webp|images/ads/silk-homes-banner.webp,images/articles/arts-first-friday-parlor.webp,Elena Martinez,Ben Okafor|Bill Henderson|Dorothy Chen|Elena Martinez|Marcus Webb|Maya Chen|Rachel Kim|Sarah Mitchell|Tom Richardson,ARTS,True,True,True,True,True,full,8,1243,ARTS|COMMUNITY|VULNERABILITY|SELF-EXPRESSION,Elena hosts her first art showing in her cottage parlor. Only Bill and Tom show up. But the conversation that happens changes how she thinks about art and audience.,"6:00 PM, Dec 15",100,True,True,articles/arts-first-friday/media/,True,True,True,False,True,True,True,100,articles/arts-first-friday/,True,True,True,True,False,True,True,True,True,80
post-arts-gallery-opening.html,The Night We Opened Jacob's Living Room,677,images/articles/arts-gallery-night.webp|images/ads/silk-arts-banner.webp|images/ads/silk-homes-banner.webp,images/articles/arts-gallery-night.webp,Jacob Torres,Ben Okafor|Elena Martinez|Emma Clarke|Jacob Torres|Nathan Cross|Rachel Kim,ARTS,True,True,True,False,True,full,7,891,ARTS|COMMUNITY|GALLERY,How Jacob's informal gallery night became the place where neighbors shared art they'd been making in quiet corners of their homes.,"9:30 AM, Dec 13",83,False,False,,False,False,False,False,False,False,False,0,,False,False,False,False,False,False,False,False,False,0
post-arts-darkroom-quiet.html,The Quiet Hours in Rachel's Basement,865,images/homepage/hp-arts-darkroom-330.webp|images/ads/silk-arts-banner.webp|images/ads/silk-cafe-banner.webp,images/homepage/hp-arts-darkroom-330.webp,Rachel Kim,Ben Okafor|Bob Harrison|Elena Martinez|Emma Clarke|Nathan Cross|Rachel Kim,ARTS,True,True,True,True,False,full,12,2347,ARTS|PHOTOGRAPHY|FILM|DARKROOM,"Three nights a week, Rachel disappears into her basement to develop film. The red light, the chemical smell, the silence—this is where she remembers her mother.","9:42 PM, Dec 18",95,False,False,,False,False,False,False,False,False,False,0,,False,False,False,False,False,False,False,False,False,0
post-arts-woodworking-patience.html,The Rocking Chair I'm Still Making,1167,images/homepage/hp-arts-woodworking-330.webp|images/ads/silk-arts-banner.webp|images/articles/arts-sculptor.webp|images/homepage/thumbs/hp-dining-10-100.webp|images/ads/silk-arts-banner.webp|images/ads/silk-homes-banner.webp,images/homepage/hp-arts-woodworking-330.webp,Nathan Cross,Ben Okafor|Elena Martinez|Emma Clarke|Nathan Cross|Rachel Kim,ARTS,True,True,True,True,False,full,7,1234,ARTS|WOODWORKING|CRAFTSMANSHIP|PATIENCE,"Nathan Cross started building a rocking chair in February. It's December now, and he's still working on it—learning that good work can't be rushed.","2:15 PM, Dec 22",93,False,False,,False,False,False,False,False,False,False,0,,False,False,False,False,False,False,False,False,False,0
post-arts-transforming-spaces.html,The Room Sarah Reclaimed,532,images/articles/arts-corner-transformation.webp|images/ads/silk-yoga-banner.webp|images/ads/silk-arts-banner.webp|images/ads/silk-homes-banner.webp,images/articles/arts-corner-transformation.webp,Sarah Mitchell,Ben Okafor|Elena Martinez|Marcus Webb|Rachel Kim|Sarah Mitchell,ARTS,True,True,True,True,False,full,5,724,ARTS|DRAWING|PERSONAL SPACE,How Sarah turned a neglected spare room full of boxes into the art corner she didn't know she needed.,"4:15 PM, Dec 15",88,False,False,,False,False,False,False,False,False,False,0,,False,False,False,False,False,False,False,False,False,0
post-arts-sculptor.html,The Sculpture Tom Made in His Kitchen,763,images/articles/arts-sculptor.webp|images/ads/silk-arts-banner.webp|images/articles/arts-painting-nook.webp|images/homepage/thumbs/hp-dining-09-100.webp|images/ads/silk-arts-banner.webp,images/articles/arts-sculptor.webp,Ben Okafor,Ben Okafor|Elena Martinez|Marcus Webb|Rachel Kim,ARTS,True,True,True,True,False,full,9,1847,ARTS|SCULPTURE|COMMUNITY,Tom's first attempt at sculpture—made at his kitchen table with borrowed clay—turned into something unexpected when neighbors stopped by.,"3:45 PM, Dec 14",88,False,False,,False,False,False,False,False,False,False,0,,False,False,False,False,False,False,False,False,False,0
post-arts-porch-guitar.html,The Songs George Plays When Nobody's Listening,1025,images/homepage/hp-arts-porch-guitar-330.webp|images/ads/silk-arts-banner.webp|images/ads/silk-arts-banner.webp|images/ads/silk-homes-banner.webp,images/homepage/hp-arts-porch-guitar-330.webp,Ben Okafor,Alex Turner|Ben Okafor|Bill Henderson|Emma Clarke|Marcus Webb|Rachel Kim,ARTS,True,True,True,True,True,full,12,2847,ARTS|MUSIC|GUITAR|DAILY PRACTICE,"George Patterson's guitar sits in the same spot on his porch every afternoon. He plays the same six songs, slightly differently each time, until the streetlights come on.","4:15 PM, Dec 18",100,False,False,,False,False,False,False,False,False,False,0,,False,False,False,False,False,False,False,False,False,0
post-arts-creative-expression.html,The Thread Annie Found,595,images/articles/arts-creative-expression.webp|images/ads/silk-arts-banner.webp|images/ads/silk-homes-banner.webp,images/articles/arts-creative-expression.webp,Annie Walsh,Annie Walsh|Ben Okafor|Elena Martinez|Emma Clarke|Nathan Cross|Rachel Kim,ARTS,True,True,True,False,True,full,4,612,ARTS|EMBROIDERY|EXPRESSION,How Annie discovered embroidery and found a way to say things she couldn't find words for.,"1:45 PM, Dec 14",83,False,False,,False,False,False,False,False,False,False,0,,False,False,False,False,False,False,False,False,False,0
post-arts-ceramics-workshop.html,The Wheel in Tom's Basement,498,images/articles/basement-pottery-corner.webp|images/ads/silk-arts-banner.webp|images/ads/silk-homes-banner.webp,images/articles/basement-pottery-corner.webp,Tom Richardson,Ben Okafor|Elena Martinez|Marcus Webb|Rachel Kim|Tom Richardson,ARTS,True,True,True,False,True,full,5,612,ARTS|POTTERY|MEDITATION,How Tom found an old kick wheel in his basement and taught himself pottery through YouTube videos and a lot of collapsed bowls.,"7:30 AM, Dec 18",83,False,False,,False,False,False,False,False,False,False,0,,False,False,False,False,False,False,False,False,False,0
post-holiday-gifts.html,The Year We Only Gave What We Made,920,images/articles/holiday-gifts.webp|images/ads/silk-arts-banner.webp|images/avatars/emma-clarke.webp|images/avatars/bill-henderson.webp|images/avatars/sarah-mitchell.webp|images/avatars/tom-richardson.webp|images/avatars/rosa-delgado.webp|images/ads/silk-corp-banner.webp|images/ads/silk-arts-banner.webp,images/articles/holiday-gifts.webp,Tom Richardson,Bill Henderson|Elena Martinez|Emma Clarke|Rosa Delgado|Sarah Mitchell|Tom Richardson,ARTS,True,True,True,True,True,full,0,2500,HANDMADE|COMMUNITY|ARTS|GIFT GIVING|IMPERFECTION,December agreement: handmade gifts only. No buying. No consuming. Just creating and giving. We learned more from our failures than our successes.,"2:00 PM, Dec 19, 2025",93,False,False,,False,False,False,False,False,False,False,0,,False,False,False,False,False,False,False,False,False,0
post-arts-public-spaces.html,Wednesday Lunch Art Walk,1069,images/articles/arts-public-spaces.webp|images/ads/silk-arts-banner.webp|images/ads/silk-arts-banner.webp|images/ads/silk-homes-banner.webp,images/articles/arts-public-spaces.webp,Annie Chen,,ARTS,True,True,True,True,False,full,23,2891,PUBLIC ART|COMMUNITY|DEBATE|MAIN STREET,"Art in public spaces: help or hindrance? Standing on Main Street, we couldn't agree—and that's exactly the point.","1:30 PM, Dec 9",95,False,False,,False,False,False,False,False,False,False,0,,False,False,False,False,False,False,False,False,False,0
post-cafe-farm-revolution.html,Bill's Sunday Garden: A Quiet Revolution in Fresh Food,1211,images/articles/cafe-farm-revolution.webp|images/ads/silk-homes-banner.webp|images/ads/silk-yoga-banner.webp,images/articles/cafe-farm-revolution.webp,Tom Richardson,Bill Henderson|Emma Clarke|Maya Chen|Tom Richardson,CAFE,True,True,True,False,True,full,9,1247,CAFE|FARM TO TABLE|SUSTAINABILITY,How one retiree's backyard garden feeds a community and quietly challenges our assumptions about where food comes from.,"5:30 PM, Dec 15",88,False,False,,False,False,False,False,False,False,False,0,,False,False,False,False,False,False,False,False,False,0
post-cafe-latte-art.html,Coffee at Maya's Kitchen: The Heart of Our Morning Ritual,984,images/articles/cafe-morning-coffee.webp|images/ads/silk-cafe-banner.webp|images/ads/silk-homes-banner.webp,images/articles/cafe-morning-coffee.webp,Sarah Mitchell,Bill Henderson|Emma Clarke|Maya Chen|Rachel Kim|Sarah Mitchell|Tom Richardson,CAFE,True,True,True,True,False,full,8,892,CAFE|COFFEE|CRAFT,"In our community of fifteen, Maya's kitchen has become the gathering place where coffee creates connection. A story of intentional living in the Mid-Ohio Valley.","7:30 AM, Dec 19",93,False,False,,False,False,False,False,False,False,False,0,,False,False,False,False,False,False,False,False,False,0
post-cafe-journey.html,Following One Lettuce from Seed to Salad,667,images/articles/farm-journey-hands.webp|images/ads/silk-homes-banner.webp|images/ads/silk-yoga-banner.webp,images/articles/farm-journey-hands.webp,Jordan Hayes,Bill Henderson|Elena Martinez|Emma Clarke|Jordan Hayes|Kevin Lee|Maya Chen|Rosa Delgado|Sarah Mitchell|Tom Richardson,CAFE,True,True,True,True,True,full,8,2147,CAFE|FARM TO TABLE|SUSTAINABILITY,"Jordan follows one head of lettuce from seed packet to dinner plate, discovering what farm-to-table really means in a small Appalachian community.","11:15 AM, Dec 8",100,True,True,articles/cafe-journey/media/,True,True,True,False,True,True,True,100,articles/cafe-journey/,True,True,True,True,False,True,True,True,True,80
post-farm-table.html,From Our Garden to Your Table,486,images/ads/silk-homes-banner.webp|images/ads/silk-yoga-banner.webp,images/samples/690x450/cafe-farm-table.webp,Rosa Delgado,Emma Clarke|Maya Chen|Rosa Delgado,CAFE,True,True,True,False,True,full,28,3567,CAFE,Seasonal cooking isn't a trend at SILK Cafe—it's a necessity born from connection to land. Our chef shares how working with what's available creates m,"11:00 AM, Dec 14",85,False,False,,False,False,False,False,False,False,False,0,,False,False,False,False,False,False,False,False,False,0
post-cafe-roasting.html,How Sarah Learned to Taste Seasons in Coffee,1166,images/articles/cafe-roasting-seasons.webp|images/ads/silk-homes-banner.webp|images/ads/silk-yoga-banner.webp|images/ads/silk-arts-banner.webp,images/articles/cafe-roasting-seasons.webp,Sarah Mitchell,Bill Henderson|Elena Martinez|Emma Clarke|Maya Chen|Sarah Mitchell|Tom Richardson,CAFE,True,True,True,False,True,full,6,1247,COFFEE|MINDFULNESS|SEASONAL LIVING,Sarah discovers that Maya's coffee tastes different in autumn—learns to notice subtle flavors she'd been rushing past her whole life.,"9:15 AM, Dec 17",88,False,False,,False,False,False,False,False,False,False,0,,False,False,False,False,False,False,False,False,False,0
post-cafe-farm-partners.html,Jesse's Garden Education,555,images/articles/cafe-farm-partners.webp|images/ads/silk-homes-banner.webp|images/ads/silk-cafe-banner.webp|images/ads/silk-homes-banner.webp,images/articles/cafe-farm-partners.webp,Rachel Kim,Bill Henderson|Deb Morrison|Emma Clarke|Jesse Martinez|Maya Chen|Rachel Kim,CAFE,True,True,True,True,False,full,14,2315,GARDEN|FARM PARTNERS|COMMUNITY AGRICULTURE|TEACHING,Jesse grows food in a backyard plot smaller than most living rooms. What he's really cultivating is knowledge—teaching anyone who asks how to grow their own.,"7:30 AM, Dec 9",90,False,False,,False,False,False,False,False,False,False,0,,False,False,False,False,False,False,False,False,False,0
post-cafe-quality-debate.html,Morning Coffee Philosophy,915,images/articles/cafe-coffee-debate.webp|images/ads/silk-cafe-banner.webp|images/ads/silk-cafe-banner.webp|images/ads/silk-homes-banner.webp,images/articles/cafe-coffee-debate.webp,Sam Torres,Annie Walsh|Bill Henderson|Helen Harrison|Jacob Torres|Jesse Martinez|Miguel Santos,CAFE,True,True,True,True,False,full,23,3647,COFFEE|DEBATE|PHILOSOPHY|QUALITY,The great coffee debate: quality versus quantity. Bill's kitchen becomes philosophy central before sunrise.,"11:00 AM, Dec 13",95,False,False,,False,False,False,False,False,False,False,0,,False,False,False,False,False,False,False,False,False,0
post-cafe-coffee-gathering.html,Saturday Mornings at Maya's: When Community Gathers Over Coffee,1097,images/articles/cafe-coffee-gathering.webp|images/ads/silk-homes-banner.webp|images/ads/silk-yoga-banner.webp|images/ads/silk-cafe-banner.webp,images/articles/cafe-coffee-gathering.webp,Rachel Kim,David Chen|Emma Clarke|Maya Chen|Rachel Kim|Sarah Mitchell|Tom Richardson,CAFE,True,True,True,False,True,full,12,1892,CAFE|COFFEE|COMMUNITY,How one woman's kitchen became the gathering place where fifteen neighbors remember they're not doing this alone.,"10:00 AM, Dec 14",90,False,False,,False,False,False,False,False,False,False,0,,False,False,False,False,False,False,False,False,False,0
post-cafe-sunday-pancakes.html,Sunday Morning Pancakes,1483,images/homepage/hp-cafe-sunday-pancakes-330.webp|images/ads/silk-cafe-banner.webp|images/ads/silk-arts-banner.webp,images/homepage/hp-cafe-sunday-pancakes-330.webp,"Robert ""Bobby"" Martinez",Elena Martinez|Emma Clarke|Maya Chen|Sarah Mitchell|Tom Richardson,CAFE,True,True,True,True,False,full,8,1847,CAFE|HOME COOKING|COMMUNITY|SUNDAY RITUALS,"Bobby's pancakes, Grace's kimchi, and Will's smoked brisket—how Sunday cooking rituals bring neighbors together in Victorian cottages.","8:15 AM, Dec 22",93,False,False,,False,False,False,False,False,False,False,0,,False,False,False,False,False,False,False,False,False,0
post-cafe-grandmas-pasta.html,Sunday Sauce and Grandmother's Hands,1509,images/homepage/hp-cafe-grandmas-pasta-330.webp|images/ads/silk-cafe-banner.webp|images/ads/silk-homes-banner.webp,images/homepage/hp-cafe-grandmas-pasta-330.webp,Rachel Kim,Bill Henderson|Bob Harrison|Deb Morrison|Emma Clarke|Linda Chen|Maya Chen|Rachel Kim|Tony Ricci,CAFE,True,True,True,True,False,full,8,1847,CAFE|COOKING|FAMILY RECIPES|TRADITION,Three generations share their grandmother's cooking traditions in Victorian cottage kitchens across the valley.,"2:15 PM, Dec 22",93,False,False,,False,False,False,False,False,False,False,0,,False,False,False,False,False,False,False,False,False,0
post-coffee-culture.html,The Art of Slow Coffee,499,images/ads/silk-homes-banner.webp|images/ads/silk-yoga-banner.webp,images/samples/690x450/cafe-coffee-culture.webp,David Park,Bill Henderson|Emma Clarke|Maya Chen|Sarah Mitchell|Tom Richardson,CAFE,True,True,True,False,True,full,34,3892,CAFE,"In a world of drive-throughs and delivery apps, a growing movement celebrates coffee as ritual rather than fuel. Local cafes are creating spaces where","8:30 AM, Dec 12",85,False,False,,False,False,False,False,False,False,False,0,,False,False,False,False,False,False,False,False,False,0
post-community-kitchen.html,The Community Kitchen: Where Strangers Become Family,693,images/articles/community-kitchen.webp|images/ads/silk-cafe-banner.webp|images/ads/silk-homes-banner.webp,images/articles/community-kitchen.webp,Sarah Mitchell,Bill Henderson|Emma Clarke|Marcus Webb|Rachel Kim|Rosa Delgado|Sarah Mitchell,CAFE,True,True,True,True,False,full,12,2847,COMMUNITY|COOKING|SHARED LIVING|MARIETTA,Sarah Adams shares how the community kitchen at SILK Homes Marietta becomes the heart of the house - where cooking together builds family.,"4:00 PM, Dec 5",90,False,False,,False,False,False,False,False,False,False,0,,False,False,False,False,False,False,False,False,False,0
post-cafe-seasonal-harvest.html,The Day Jesse Brought Too Many Tomatoes,1270,images/articles/cafe-seasonal-harvest.webp|images/ads/silk-homes-banner.webp|images/ads/silk-yoga-banner.webp,images/articles/cafe-seasonal-harvest.webp,Emma Clarke,Bill Henderson|Emma Clarke|Maya Chen,CAFE,True,True,True,False,True,full,15,2156,CAFE|SEASONAL|PRESERVATION,What happens when one gardener's bumper crop becomes the whole community's delicious problem to solve.,"2:00 PM, Dec 12",90,False,False,,False,False,False,False,False,False,False,0,,False,False,False,False,False,False,False,False,False,0
post-cafe-vegan-journey.html,The Month Maya Went Plant-Based (Sort Of),855,images/articles/cafe-vegan-journey.webp|images/ads/silk-cafe-banner.webp|images/ads/silk-yoga-banner.webp,images/articles/cafe-vegan-journey.webp,Maya Chen,Bill Henderson|Emma Clarke|Maya Chen|Tom Richardson,CAFE,True,True,True,True,False,full,9,1892,PLANT-BASED|COOKING|COMMUNITY,"Maya's honest story about trying plant-based eating in a small Appalachian town—failed recipes, helpful neighbors, and learning what actually matters about changing how you eat.","11:30 AM, Dec 20",93,False,False,,False,False,False,False,False,False,False,0,,False,False,False,False,False,False,False,False,False,0
post-community-potluck.html,The Night Everyone Brought Potato Salad,885,images/articles/community-potluck.webp|images/ads/silk-cafe-banner.webp|images/articles/home-community-gathering.webp|images/articles/cafe-farm-table.webp|images/articles/arts-painting-nook.webp|images/articles/morning-practice-parlor.webp,images/articles/community-potluck.webp,Rachel Kim,Bill Henderson|Elena Martinez|Maya Chen|Rachel Kim|Tom Richardson,CAFE,True,True,True,True,False,full,5,2847,COMMUNITY|POTLUCK|RAVENSWOOD,Sometimes the best community moments are the absurd ones—like when seven people brought potato salad to the same potluck.,"6:00 PM, Dec 15, 2025",93,False,False,,False,False,False,False,False,False,False,0,,False,False,False,False,False,False,False,False,False,0
post-cafe-herb-garden-tea.html,The Patience of Mint Leaves,1116,images/homepage/hp-cafe-herb-tea-330.webp|images/ads/silk-homes-banner.webp|images/ads/silk-yoga-banner.webp,images/homepage/hp-cafe-herb-tea-330.webp,Iris Yamamoto,Bill Henderson|Emma Clarke|Iris Yamamoto|Maya Chen|Sam Rivera|Tom Richardson,CAFE,True,True,True,False,True,full,8,1847,CAFE|HERBAL TEA|HOME GARDEN|WELLNESS,Iris Yamamoto's journey from store-bought tea bags to growing her own medicinal herbs in a Parkersburg Victorian cottage garden.,"7:15 AM, Dec 19",88,False,False,,False,False,False,False,False,False,False,0,,False,False,False,False,False,False,False,False,False,0
post-cafe-sourdough-starter.html,The Sourdough Starter I Almost Killed,610,images/articles/cafe-sourdough-starter.png|images/ads/silk-homes-banner.webp|images/ads/silk-yoga-banner.webp|images/ads/silk-cafe-banner.webp,images/articles/cafe-sourdough-starter.png,Rachel Kim,Bill Henderson|Elena Martinez|Emma Clarke|Maya Chen|Rachel Kim|Rosa Delgado|Sarah Mitchell|Tom Richardson,CAFE,True,True,True,True,True,full,8,1892,BAKING|SOURDOUGH|COMMUNITY,"Rachel killed seventeen loaves before she understood: baking isn't about perfection. It's about showing up, every day, even when everything flops.","11:15 AM, Dec 14",100,True,True,articles/cafe-sourdough-starter/media/,True,True,True,False,True,True,True,100,articles/cafe-sourdough-starter/,True,True,True,True,False,True,True,True,True,80
post-cafe-behind-scenes.html,Wednesday Night at Maya's Table,448,images/articles/cafe-behind-scenes.webp|images/ads/silk-cafe-banner.webp|images/ads/silk-cafe-banner.webp|images/ads/silk-homes-banner.webp,images/articles/cafe-behind-scenes.webp,Sam Rivera,Deb Morrison|Emma Clarke|Helen Harrison|Maya Chen|Miguel Santos|Rachel Kim|Sam Rivera|Tony Ricci,CAFE,True,True,True,True,False,full,18,2847,CAFE|COMMUNITY DINING|HOME COOKING|WEDNESDAY DINNERS,"Maya cooks for five people every Wednesday. No restaurant, no business plan—just neighbors gathered around her Victorian cottage table.","12:00 PM, Dec 17",90,False,False,,False,False,False,False,False,False,False,0,,False,False,False,False,False,False,False,False,False,0
post-cafe-brunch-friends.html,Weekend Rituals: The Joy of Community Brunch,496,images/articles/cafe-brunch-friends.webp|images/ads/silk-homes-banner.webp|images/ads/silk-yoga-banner.webp,images/articles/cafe-brunch-friends.webp,Emma Clarke,Bill Henderson|Elena Martinez|Emma Clarke|Jacob Hayes|Maya Chen|Sarah Mitchell|Tom Richardson,CAFE,True,True,True,True,True,full,8,1923,CAFE|COMMUNITY|FOOD|BRUNCH,"Discover the tradition of weekend brunch, gathering with friends over food, and the SILK Cafe brunch experience.","10:30 AM, Dec 21",100,True,True,articles/cafe-brunch-friends/media/,True,True,True,False,True,True,True,100,articles/cafe-brunch-friends/,True,True,True,True,False,True,True,True,True,80
post-cafe-brewing-story.html,What Bill Learned About Fermentation,889,images/articles/cafe-brewing-story.webp|images/ads/silk-homes-banner.webp|images/ads/silk-cafe-banner.webp|images/ads/silk-yoga-banner.webp,images/articles/cafe-brewing-story.webp,Bill Henderson,Bill Henderson|Emma Clarke|Jesse Martinez|Maya Chen|Sarah Mitchell|Tom Richardson,CAFE,True,True,True,False,True,full,7,1547,KOMBUCHA|FERMENTATION|DIY,"Bill's unexpected journey into kombucha brewing—exploding bottles, mysterious SCOBYs, and discovering that you're never too old to try something weird.","9:15 AM, Dec 21",88,False,False,,False,False,False,False,False,False,False,0,,False,False,False,False,False,False,False,False,False,0
post-cafe-seasonal-menu.html,What October Tastes Like,467,images/articles/cafe-seasonal-menu.webp|images/ads/silk-cafe-banner.webp|images/ads/silk-cafe-banner.webp|images/ads/silk-homes-banner.webp,images/articles/cafe-seasonal-menu.webp,Sarah Mitchell,Bill Henderson|Deb Morrison|Emma Clarke|Maya Chen|Sarah Mitchell,CAFE,True,True,True,True,False,full,12,1984,SEASONAL EATING|AUTUMN|SQUASH|OCTOBER,"Emma's kitchen counter tells you what season it is better than any calendar—autumn squash, root vegetables, and recipes passed down through neighbors.","2:15 PM, Dec 10",90,False,False,,False,False,False,False,False,False,False,0,,False,False,False,False,False,False,False,False,False,0
post-arts-valley-artists.html,When Bill Brought Tomatoes,816,images/articles/cafe-farm-table.webp|images/ads/silk-arts-banner.webp|images/ads/silk-homes-banner.webp|images/ads/silk-cafe-banner.webp,images/articles/cafe-farm-table.webp,Elena Martinez,Ben Okafor|Elena Martinez|Marcus Webb|Rachel Kim,CAFE,True,True,True,False,True,full,11,2634,CAFE|FARM TO TABLE|SUSTAINABILITY,"Explore the farm-to-table philosophy, local partnerships with farmers, and the journey of fresh ingredients at SILK Cafe.","8:30 AM, Dec 17",90,False,False,,False,False,False,False,False,False,False,0,,False,False,False,False,False,False,False,False,False,0
post-cafe-farm-table.html,When Bill Brought Tomatoes,816,images/articles/cafe-farm-table.webp|images/ads/silk-cafe-banner.webp|images/ads/silk-homes-banner.webp|images/ads/silk-yoga-banner.webp,images/articles/cafe-farm-table.webp,Elena Martinez,Elena Martinez|Emma Clarke|Kevin Lee|Maya Chen,CAFE,True,True,True,True,False,full,11,2634,CAFE|FARM TO TABLE|SUSTAINABILITY,"Explore the farm-to-table philosophy, local partnerships with farmers, and the journey of fresh ingredients at SILK Cafe.","8:30 AM, Dec 17",95,False,False,,False,False,False,False,False,False,False,0,,False,False,False,False,False,False,False,False,False,0
post-homes-real-stories.html,When Bill Brought Tomatoes,817,images/articles/cafe-farm-table.webp|images/ads/silk-homes-banner.webp|images/ads/silk-cafe-banner.webp|images/ads/silk-homes-banner.webp,images/articles/cafe-farm-table.webp,Elena Martinez,Elena Martinez|Kevin Lee,CAFE,True,True,True,True,False,full,11,2634,CAFE|FARM TO TABLE|SUSTAINABILITY,"Explore the farm-to-table philosophy, local partnerships with farmers, and the journey of fresh ingredients at SILK Cafe.","8:30 AM, Dec 17",95,False,False,,False,False,False,False,False,False,False,0,,False,False,False,False,False,False,False,False,False,0
post-seasonal-recipes.html,Winter Comfort: Hearty Recipes Using Preserved Summer Bounty,824,images/articles/seasonal-recipes.webp|images/ads/silk-cafe-banner.webp|images/ads/silk-cafe-banner.webp|images/ads/silk-homes-banner.webp,images/articles/seasonal-recipes.webp,Emma Clarke,Bill Henderson|Emma Clarke|Jesse Martinez|Marcus Webb|Maya Chen|Rachel Kim|Sarah Mitchell|Tom Richardson,CAFE,True,True,True,True,True,full,14,1847,RECIPES|CANNING|SEASONAL|WINTER,"When December cold settles in, summer's garden feels impossibly distant. But open your pantry, and there it is—jars of canned tomatoes, pickled peppers, dried herbs—waiting to bring warmth to winter tables.","2:30 PM, Dec 6",100,False,False,,False,False,False,False,False,False,False,0,,False,False,False,False,False,False,False,False,False,0
post-year-review-2025.html,Looking Back on Twelve Months Together,1193,images/articles/year-review-2025.webp,images/articles/year-review-2025.webp,Emma Clarke,Bill Henderson|Emma Clarke|Sarah Mitchell,COMMUNITY,True,True,True,True,True,full,18,2845,COMMUNITY|REFLECTIONS|YEAR IN REVIEW,"Community members from Ravenswood, Parkersburg, and Marietta share their honest reflections on a year of small moments, unexpected connections, and learning to live together.","7:30 PM, Dec 22",100,False,False,,False,False,False,False,False,False,False,0,,False,False,False,False,False,False,False,False,False,0
post-silk-values.html,What Strength Means on a Tuesday,715,images/articles/silk-values-morning.webp,images/articles/silk-values-morning.webp,Maya Chen,Bill Henderson|Emma Clarke|Maya Chen|Rosa Delgado|Sarah Mitchell,COMMUNITY,True,True,True,True,True,full,5,2891,SILK VALUES|INTENTIONAL LIVING|COMMUNITY,"Maya discovers what Strength, Integrity, Love, and Knowledge really mean—not as grand principles, but as daily choices in a Victorian cottage in Appalachia.","7:15 AM, Dec 12",93,False,False,,False,False,False,False,False,False,False,0,,False,False,False,False,False,False,False,False,False,0
post-winter-solstice.html,Candles in the Windows,812,images/articles/winter-solstice.webp|images/articles/morning-practice-parlor.webp,images/articles/winter-solstice.webp,Sarah Mitchell,Bill Henderson|Elena Martinez|Emma Clarke|Jordan Hayes|Maya Chen|Rachel Kim|Sarah Mitchell|Tom Richardson,GENERAL,True,True,True,True,True,full,7,2500,WINTER SOLSTICE|COMMUNITY|RITUAL|RAVENSWOOD,The winter solstice celebration nobody planned—just candles in old windows and a community holding quiet together.,"7:00 PM, Dec 21, 2025",98,False,False,,False,False,False,False,False,False,False,0,,False,False,False,False,False,False,False,False,False,0
post-valley-calendar.html,The Calendar Nobody Asked For,798,images/articles/valley-calendar.webp|images/articles/morning-practice-parlor.webp,images/articles/valley-calendar.webp,Jordan Hayes,Bill Henderson|Emma Clarke|Jesse Martinez|Jordan Hayes|Maya Chen|Omar Hassan|Rachel Kim|Sarah Mitchell|Tom Richardson,GENERAL,True,True,True,True,True,full,8,2500,COMMUNITY|TECHNOLOGY|CONNECTION|INNOVATION,"Jordan made a community calendar to solve a problem nobody knew they had. Turns out, we needed it more than we thought.","10:00 AM, Dec 10, 2025",93,False,False,,False,False,False,False,False,False,False,0,,False,False,False,False,False,False,False,False,False,0
post-homes-tiny-house.html,200 Square Feet in Rachel's Backyard,1426,images/articles/home-tiny-house.webp|images/ads/silk-homes-banner.webp|images/ads/silk-homes-banner.webp|images/ads/silk-cafe-banner.webp,images/articles/home-tiny-house.webp,Rachel Kim,Emma Clarke|Rachel Kim,HOMES,True,True,True,True,False,full,16,2341,TINY HOUSE|MINIMALISM|DIY,"Rachel built a tiny house in her Victorian cottage's backyard thinking she'd save money. She learned about city permits, winter plumbing, and what you actually need when you can only keep what fits.","11:15 AM, Dec 20",95,False,False,,False,False,False,False,False,False,False,0,,False,False,False,False,False,False,False,False,False,0
post-restoration.html,Breathing New Life: The Craft of Restoring 130-Year-Old Porches,1162,images/articles/home-restoration.webp|images/ads/silk-homes-banner.webp|images/ads/silk-homes-banner.webp|images/ads/silk-yoga-banner.webp,images/articles/home-restoration.webp,Nathan Cross,Bill Henderson|Bob Harrison|Emma Clarke|Marcus Webb|Nathan Cross|Sarah Mitchell|Tom Richardson,HOMES,True,True,True,True,True,full,12,2847,HISTORIC RESTORATION|VICTORIAN COTTAGES|CRAFTSMANSHIP|PRESERVATION,Nathan Cross shares the philosophy behind thoughtful restoration of 130-year-old porches at SILK Homes Ravenswood cottages—honoring original craftsmanship while preserving history.,"9:30 AM, Dec 15",100,False,False,,False,False,False,False,False,False,False,0,,False,False,False,False,False,False,False,False,False,0
post-intentional-home.html,Designing an Intentional Home,514,images/ads/silk-homes-banner.webp|images/ads/silk-homes-banner.webp|images/ads/silk-yoga-banner.webp,images/samples/690x450/homes-intentional.webp,Sophia Laurent,,HOMES,True,True,True,True,True,full,41,4231,HOMES|INTENTIONAL DESIGN|INTERIOR DESIGN|SUSTAINABLE LIVING,An intentional home isn't about perfection or aesthetics—it's about creating a space that supports who you want to be. Local designers share principle,"10:45 AM, Dec 10",95,False,False,,False,False,False,False,False,False,False,0,,False,False,False,False,False,False,False,False,False,0
post-travel-nurse.html,Finding Home on the Road: A Travel Nurse's SILK Story,922,images/articles/travel-nurse.webp|images/ads/silk-homes-banner.webp|images/ads/silk-homes-banner.webp|images/ads/silk-yoga-banner.webp,images/articles/travel-nurse.webp,Elena Martinez,Bill Henderson|Elena Martinez|Emma Clarke|Maya Chen|Rachel Kim|Sarah Mitchell|Terri Washington,HOMES,True,True,True,True,True,full,14,4892,TRAVEL NURSING|HEALTHCARE|COMMUNITY|SILK HOMES,"For three years, Elena lived out of a suitcase as a travel nurse—helping people heal while slowly coming apart herself. Then she found SILK Homes in Ravenswood, and everything changed.","5:30 PM, Dec 11",100,False,False,,False,False,False,False,False,False,False,0,,False,False,False,False,False,False,False,False,False,0
post-victory-gardens.html,Hands in the Soil: How Victory Gardens Connect Us,527,images/articles/victory-gardens.webp|images/ads/silk-homes-banner.webp|images/ads/silk-homes-banner.webp|images/ads/silk-yoga-banner.webp,images/articles/victory-gardens.webp,Sarah Mitchell,Bill Henderson|Deb Morrison|Emma Clarke|Maya Chen|Rachel Kim|Sarah Mitchell|Tom Richardson,HOMES,True,True,True,False,True,full,12,2134,GARDENING|COMMUNITY|VICTORY GARDENS|SELF-SUFFICIENCY,"From seed to table, our community gardens teach us patience, gratitude, and the joy of shared harvests at SILK Homes.","December 18, 2025",85,False,False,,False,False,False,False,False,False,False,0,,False,False,False,False,False,False,False,False,False,0
post-home-sustainable-living.html,Learning to Live Lighter: One Old House at a Time,797,images/articles/home-sustainable-living.webp|images/ads/silk-homes-banner.webp|images/ads/silk-yoga-banner.webp|images/ads/silk-cafe-banner.webp,images/articles/home-sustainable-living.webp,Jesse Martinez,Bill Henderson|Jesse Martinez|Sarah Mitchell|Tom Richardson,HOMES,True,True,True,False,True,full,15,2674,SUSTAINABILITY|GREEN LIVING|ECO-FRIENDLY,"One SILK Homes resident's honest journey learning to live sustainably in a drafty 1890s Victorian cottage—composting disasters, window struggles, and neighbors who became teachers.","10:30 AM, Dec 17",85,False,False,,False,False,False,False,False,False,False,0,,False,False,False,False,False,False,False,False,False,0
post-homes-intentional-living.html,Learning to Share Space (and Myself),860,images/articles/homes-intentional-living.webp|images/ads/silk-homes-banner.webp|images/ads/silk-homes-banner.webp|images/ads/silk-yoga-banner.webp,images/articles/homes-intentional-living.webp,Rachel Kim,Maya Chen|Rachel Kim,HOMES,True,True,True,True,True,full,12,2892,CO-HOUSING|INTENTIONAL LIVING|BOUNDARIES,Rachel's first six months in SILK Homes co-housing taught her that intentional living is less about philosophy and more about learning when to close your door.,"4:30 PM, Dec 15",100,False,False,,False,False,False,False,False,False,False,0,,False,False,False,False,False,False,False,False,False,0
post-ravenswood.html,Life in Our 1890s Cottages Along the Ohio River,432,images/articles/ravenswood-cottages.webp|images/ads/silk-homes-banner.webp|images/ads/silk-homes-banner.webp|images/ads/silk-yoga-banner.webp,images/articles/ravenswood-cottages.webp,Bill Henderson,Bill Henderson|Emma Clarke|Jesse Martinez|Maya Chen|Rachel Kim|Sarah Mitchell|Tom Richardson,HOMES,True,True,True,True,False,full,12,4521,RAVENSWOOD|VICTORIAN COTTAGES|OHIO RIVER|INTENTIONAL LIVING,"A portrait of life in Ravenswood, WV—where 1890s Victorian cottages along the Ohio River house a community learning what intentional living actually looks like.","2:30 PM, Dec 9",90,False,False,,False,False,False,False,False,False,False,0,,False,False,False,False,False,False,False,False,False,0
post-ravenswood-template.html,Life in Ravenswood: A Community Portrait,569,images/ads/silk-homes-banner.webp|images/ads/silk-homes-banner.webp|images/ads/silk-cafe-banner.webp,images/samples/690x450/homes-community.webp,Ben Okafor,Ben Okafor,HOMES,True,True,True,True,False,full,35,4521,COMMUNITY|RAVENSWOOD|CO-HOUSING,"Discover life in Ravenswood, WV, where Victorian cottages along the Ohio River house a vibrant community of intentional living.","4:30 PM, Dec 8",90,False,False,,False,False,False,False,False,False,False,0,,False,False,False,False,False,False,False,False,False,0
post-intentional-living.html,Rooted in Community: How SILK Homes Creates Spaces for Intentional Living,957,images/articles/intentional-living.webp|images/ads/silk-homes-banner.webp|images/ads/silk-homes-banner.webp|images/ads/silk-yoga-banner.webp,images/articles/intentional-living.webp,Tom Richardson,Bill Henderson|Emma Clarke|Maya Chen|Rachel Kim|Sarah Mitchell|Tom Richardson,HOMES,True,True,True,False,True,full,12,1847,INTENTIONAL LIVING|CO-HOUSING|COMMUNITY|VICTORIAN HOMES,Discover how SILK Homes transforms historic properties into sanctuaries for those seeking a more purposeful way of life through community and shared values.,"December 21, 2025",90,False,False,,False,False,False,False,False,False,False,0,,False,False,False,False,False,False,False,False,False,0
post-home-community-garden.html,Seeds of Connection: Our Community Garden Story,589,images/articles/home-community-garden.webp|images/ads/silk-homes-banner.webp|images/ads/silk-yoga-banner.webp,images/articles/home-community-garden.webp,Emma Clarke,Bill Henderson|Emma Clarke|Sarah Mitchell|Tom Richardson,HOMES,True,True,True,True,False,full,22,2891,GARDENING|COMMUNITY|CONNECTION,"Discover how community gardens cultivate more than vegetables—they grow friendships, knowledge, and a deeper connection to the earth and each other.","3:45 PM, Dec 15",90,False,False,,False,False,False,False,False,False,False,0,,False,False,False,False,False,False,False,False,False,0
post-homes-sustainable-tips.html,Small Changes Bill Made That Actually Stuck,935,images/articles/homes-bill-changes.webp|images/ads/silk-homes-banner.webp|images/ads/silk-homes-banner.webp|images/ads/silk-yoga-banner.webp,images/articles/homes-bill-changes.webp,Bill Henderson,Bill Henderson|Sarah Mitchell,HOMES,True,True,True,True,False,full,8,1892,SUSTAINABLE LIVING|PRACTICAL TIPS|OLD HOUSES,"Bill shares the tiny adjustments he made to his 1890s cottage - not grand renovations, just small habits that added up. Some failed. Some stuck. All taught him something.","7:45 AM, Dec 18",93,False,False,,False,False,False,False,False,False,False,0,,False,False,False,False,False,False,False,False,False,0
post-homes-sustainable-design.html,Small Fixes That Made an Old House Work,612,images/articles/homes-sustainable-design.webp|images/ads/silk-homes-banner.webp|images/ads/silk-homes-banner.webp|images/ads/silk-yoga-banner.webp,images/articles/homes-sustainable-design.webp,Annie Walsh,Annie Walsh,HOMES,True,True,True,True,True,full,16,3245,SUSTAINABLE DESIGN|VICTORIAN HOMES|DIY,Annie's 1885 Marietta cottage taught her that sustainable design isn't about grand renovations—it's about understanding what the house wants to do and working with it.,"11:15 AM, Dec 14",95,False,False,,False,False,False,False,False,False,False,0,,False,False,False,False,False,False,False,False,False,0
post-homes-community-stories.html,Small Moments That Build a Life Together,1128,images/articles/homes-community-stories.webp|images/ads/silk-homes-banner.webp|images/ads/silk-homes-banner.webp,images/articles/homes-community-stories.webp,Emma Clarke,Annie Walsh|Elena Martinez|Emma Clarke|Jacob Torres|Sarah Mitchell,HOMES,True,True,True,True,False,full,21,3487,COMMUNITY|CO-HOUSING|STORIES,"A collection of small, ordinary moments from SILK Homes co-housing that add up to something bigger than any single story could tell.","9:45 AM, Dec 12",95,False,False,,False,False,False,False,False,False,False,0,,False,False,False,False,False,False,False,False,False,0
post-home-community-gathering.html,Sunday Evening on Bill's Porch,859,images/articles/home-community-gathering.webp|images/ads/silk-homes-banner.webp|images/ads/silk-yoga-banner.webp,images/articles/home-community-gathering.webp,Emma Clarke,Bill Henderson|Emma Clarke|Marcus Webb|Rosa Delgado|Sarah Mitchell|Tom Richardson,HOMES,True,True,True,False,True,full,18,3156,CO-HOUSING|COMMUNITY|INTENTIONAL LIVING,Explore the transformative power of co-housing communities and discover how shared living creates deeper connections and purposeful lives.,"8:00 AM, Dec 19",90,False,False,,False,False,False,False,False,False,False,0,,False,False,False,False,False,False,False,False,False,0
post-homes-sacred-spaces.html,The Butler's Pantry Meditation,1010,images/articles/homes-sacred-spaces.webp|images/ads/silk-yoga-banner.webp|images/ads/silk-homes-banner.webp|images/ads/silk-yoga-banner.webp,images/articles/homes-sacred-spaces.webp,Jacob Torres,Emma Clarke|Jacob Torres,HOMES,True,True,True,True,False,full,14,2567,MEDITATION|SACRED SPACES|MINDFULNESS,Jacob found his meditation practice in the most unlikely place—a three-by-five-foot butler's pantry that nobody else wanted.,"3:20 PM, Dec 13",95,False,False,,False,False,False,False,False,False,False,0,,False,False,False,False,False,False,False,False,False,0
post-homes-garden-seasons.html,The Garden That Grew Through Generations,1808,images/homepage/hp-homes-garden-seasons-330.webp|images/ads/silk-homes-banner.webp|images/articles/homes-radiator-patience.png|images/ads/silk-homes-banner.webp|images/ads/silk-cafe-banner.webp,images/homepage/hp-homes-garden-seasons-330.webp,Annie Walsh,Annie Walsh|Bob Harrison|Emma Clarke|Helen Harrison|Maya Chen|Rosa Delgado|Tom Richardson,HOMES,True,True,True,True,False,full,12,2347,HISTORIC GARDENS|VICTORIAN COTTAGES|COMMUNITY CARE|GENERATIONS,"On a Wednesday morning in late April, I watched Rosa Delgado stake her tomatoes the same way her grandmother taught her in 1968, while Bob Harrison rebuilt his porch steps one board at a time, and Helen discovered wallpaper that's been hidden for seventy years.","8:15 AM, Apr 24",95,False,False,,False,False,False,False,False,False,False,0,,False,False,False,False,False,False,False,False,False,0
post-homes-downsizing-grace.html,The Grace of Downsizing,1638,images/homepage/hp-homes-downsizing-330.webp|images/ads/silk-homes-banner.webp|images/ads/silk-homes-banner.webp|images/ads/silk-cafe-banner.webp,images/homepage/hp-homes-downsizing-330.webp,Sam Rivera,Bill Henderson|Jesse Martinez|Rachel Kim|Sam Rivera|Tom Richardson,HOMES,True,True,True,True,False,full,8,1247,DOWNSIZING|COMMUNITY|INTENTIONAL LIVING,"Sam Rivera reflects on downsizing into a smaller Victorian cottage, Daniel Kim carves out a home office, and Barb Wright hosts the neighborhood.","3:15 PM, Dec 21",93,False,False,,False,False,False,False,False,False,False,0,,False,False,False,False,False,False,False,False,False,0
post-homes-tour.html,The House That Taught Me How to Share,857,images/articles/homes-tour.webp|images/ads/silk-homes-banner.webp|images/ads/silk-homes-banner.webp|images/ads/silk-cafe-banner.webp,images/articles/homes-tour.webp,Emma Clarke,Annie Walsh|Bill Henderson|Emma Clarke|Jordan Hayes|Maya Chen|Rachel Kim|Sarah Mitchell|Tom Richardson,HOMES,True,True,True,True,True,full,14,2847,HOMES|CO-HOUSING|COMMUNITY LIVING|INTENTIONAL LIVING,"Emma moved into the Ravenswood co-housing thinking she'd have a private room and share a kitchen. She got that, plus an education in what home actually means.","3:00 PM, Dec 16",100,False,False,,False,False,False,False,False,False,False,0,,False,False,False,False,False,False,False,False,False,0
post-homes-neighbors.html,The People on Annie's Street,1583,images/articles/home-neighbors.webp|images/ads/silk-homes-banner.webp|images/ads/silk-homes-banner.webp|images/ads/silk-cafe-banner.webp,images/articles/home-neighbors.webp,Annie Walsh,Annie Walsh|Emma Clarke|Tom Richardson,HOMES,True,True,True,True,False,full,19,2567,COMMUNITY|NEIGHBORS|SMALL TOWN,"Annie moved to Ravenswood knowing nobody. Six months later, she knows which neighbor grows the best tomatoes, who has jumper cables, and whose dog steals shoes. This is how strangers became neighbors.","9:00 AM, Dec 21",95,False,False,,False,False,False,False,False,False,False,0,,False,False,False,False,False,False,False,False,False,0
post-homes-gardens.html,The Plot That Almost Broke Maya,1378,images/articles/home-community-gardens.webp|images/ads/silk-homes-banner.webp|images/ads/silk-homes-banner.webp|images/ads/silk-cafe-banner.webp,images/articles/home-community-gardens.webp,Maya Chen,Maya Chen|Tom Richardson,HOMES,True,True,True,True,False,full,12,1892,COMMUNITY GARDEN|URBAN GARDENING|INTENTIONAL LIVING,"Maya signed up for a community garden plot thinking she'd grow some tomatoes. Instead she learned about clay soil, hungry rabbits, and neighbors who show up when your zucchini gets out of control.","2:45 PM, Dec 20",95,False,False,,False,False,False,False,False,False,False,0,,False,False,False,False,False,False,False,False,False,0
post-intentional-qa.html,The Questions We Asked Each Other,808,images/articles/intentional-qa.webp|images/ads/silk-homes-banner.webp|images/articles/home-community-gathering.webp|images/articles/cafe-coffee-gathering.webp|images/articles/community-living-debate.webp|images/articles/ravenswood-cottages.webp|images/articles/community-living-debate.webp|images/ads/silk-homes-banner.webp|images/ads/silk-yoga-banner.webp,images/articles/intentional-qa.webp,Emma Clarke,Bill Henderson|Emma Clarke|Iris Yamamoto|Jacob Torres|Maya Chen|Rachel Kim|Sarah Mitchell|Tom Richardson,HOMES,True,True,True,True,True,full,7,2500,INTENTIONAL LIVING|COMMUNITY|Q&A|LATE NIGHT,A late-night conversation in Emma's kitchen turned into an accidental wisdom-sharing session about intentional living.,"5:30 PM, Dec 12, 2025",98,False,False,,False,False,False,False,False,False,False,0,,False,False,False,False,False,False,False,False,False,0
post-home-radiator-patience.html,The Radiator That Taught Me Patience,1254,images/articles/homes-radiator-patience.png|images/ads/silk-homes-banner.webp|images/ads/silk-yoga-banner.webp,images/articles/homes-radiator-patience.png,Sam Rivera,Bill Henderson|Emma Clarke|Iris Yamamoto|Jesse Martinez|Maya Chen|Peter Novak|Sam Rivera|Sarah Mitchell|Tom Richardson,HOMES,True,True,True,True,False,full,8,1892,VICTORIAN LIVING|OLD HOUSES|PATIENCE,"My first winter in a 1890s Victorian cottage taught me that some lessons only come from radiators, high heating bills, and learning to work with a 130-year-old house instead of against it.","2:45 PM, Dec 20",93,False,False,,False,False,False,False,False,False,False,0,,False,False,False,False,False,False,False,False,False,0
post-homes-radiator-whisperer.html,The Radiator Whisperer: Lessons from Old Houses,1973,images/homepage/hp-homes-radiator-whisperer-330.webp|images/ads/silk-homes-banner.webp|images/articles/homes-radiator-patience.png|images/articles/homes-intentional-living.png|images/ads/silk-homes-banner.webp|images/ads/silk-yoga-banner.webp,images/homepage/hp-homes-radiator-whisperer-330.webp,Patricia Webb,Jesse Martinez|Ruth Goldstein|Sam Rivera|Tom Richardson,HOMES,True,True,True,True,True,full,12,2147,VICTORIAN LIVING|OLD HOUSES|COMMUNITY|MENTORSHIP,Michael Foster has spent 40 years learning the language of old houses. Three community members discover what it means when he shows up at your door with a flashlight and a story about your radiator.,"3:15 PM, Dec 21",100,False,False,,False,False,False,False,False,False,False,0,,False,False,False,False,False,False,False,False,False,0
post-homes-energy.html,The Winter Sam Learned About Radiators,1484,images/articles/home-winter-energy.webp|images/ads/silk-homes-banner.webp|images/ads/silk-homes-banner.webp|images/ads/silk-yoga-banner.webp,images/articles/home-winter-energy.webp,Sam Rivera,Sam Rivera|Tom Richardson,HOMES,True,True,True,True,False,full,14,2108,VICTORIAN LIVING|WINTER|OLD HOUSES,"Sam's first winter in the Parkersburg cottage came with a $340 gas bill, radiators that clanked at 3am, and a crash course in how Victorian houses handle cold. This is what they learned.","4:30 PM, Dec 20",95,False,False,,False,False,False,False,False,False,False,0,,False,False,False,False,False,False,False,False,False,0
post-thrift-finds.html,Thrift Find of the Month: A 1940s Kitchen Table Reborn,729,images/articles/thrift-finds.webp|images/ads/silk-homes-banner.webp|images/ads/silk-homes-banner.webp|images/ads/silk-yoga-banner.webp,images/articles/thrift-finds.webp,Emma Richards,Bill Henderson|Bob Harrison|Emma Clarke|Helen Harrison|Jesse Martinez|Maya Chen|Nathan Cross|Peter Novak|Rachel Kim|Rosa Delgado|Sarah Mitchell|Tom Richardson,HOMES,True,True,True,True,True,full,12,1847,THRIFT STORE|VINTAGE FURNITURE|RESTORATION|DIY|RESOURCEFULNESS,"Emma Richards discovers a 1940s kitchen table at Goodwill for $35 and learns that resourcefulness isn't just a slogan—it's a practice that connects us to history, skill, and the material world.","3:15 PM, Dec 8",95,False,False,,False,False,False,False,False,False,False,0,,False,False,False,False,False,False,False,False,False,0
post-community-debate.html,Thursday Night on Maya's Couch,883,images/articles/community-living-debate.webp|images/avatars/bill-henderson.webp|images/avatars/maya-chen.webp|images/avatars/emma-clarke.webp|images/avatars/rosa-delgado.webp|images/avatars/tom-richardson.webp|images/articles/community-kitchen.webp|images/articles/community-potluck.webp|images/articles/ravenswood-community.webp|images/articles/sarah-innkeeper.webp|images/articles/farm-table.webp|images/articles/yoga-morning.webp|images/articles/digital-wellness.webp,images/articles/community-living-debate.webp,Rachel Kim,Bill Henderson|Emma Clarke|Maya Chen|Rachel Kim|Rosa Delgado|Tom Richardson,HOMES,True,True,True,True,True,full,27,4892,COMMUNITY|CO-HOUSING|INTENTIONAL LIVING,"Should community living be the new normal? Neighbors gather to discuss privacy, connection, and what it means to share space.","3:20 PM, Dec 14",100,False,False,,False,False,False,False,False,False,False,0,,False,False,False,False,False,False,False,False,False,0
post-meet-sarah.html,"Welcome, Sarah! Meet Our New Marietta Innkeeper",773,images/articles/sarah-portrait.webp|images/ads/silk-homes-banner.webp|images/avatars/bill-henderson.webp|images/avatars/emma-clarke.webp|images/avatars/rosa-delgado.webp|images/avatars/sarah-mitchell.webp|images/avatars/tom-richardson.webp|images/ads/silk-corp-banner.webp|images/ads/silk-homes-banner.webp,images/articles/sarah-portrait.webp,Sarah Mitchell,Bill Henderson|Emma Clarke|Rosa Delgado|Sarah Mitchell|Tom Richardson,HOMES,True,True,True,True,True,full,0,3200,INNKEEPER|MARIETTA|COMMUNITY|HOMESTEADING,"Meet Sarah Mitchell, the new innkeeper at SILK Homes Marietta property. From librarian to community cultivator, she's creating spaces where people can land softly.","9:00 AM, Dec 10, 2025",88,False,False,,False,False,False,False,False,False,False,0,,False,False,False,False,False,False,False,False,False,0
post-digital-wellness.html,Digital Wellness: Finding Balance in a Connected World,494,images/ads/silk-tech-banner.webp|images/ads/silk-homes-banner.webp|images/ads/silk-yoga-banner.webp,images/samples/690x450/tech-digital-wellness.webp,Omar Hassan,Bill Henderson|David Chen|Omar Hassan,TECH,True,True,True,False,True,full,40,3124,TECH|DIGITAL WELLNESS|MINDFULNESS|INTENTIONAL LIVING,"Technology promised to connect us. Instead, many feel more isolated than ever. Local tech workers share strategies for reclaiming attention, presence,","3:20 PM, Dec 5",85,False,False,,False,False,False,False,False,False,False,0,,False,False,False,False,False,False,False,False,False,0
post-tech-trend-debate.html,Saturday Morning Screen Talk,994,images/articles/tech-wellness-debate.webp,images/articles/tech-wellness-debate.webp,Jordan Hayes,Jordan Hayes,TECH,True,True,True,False,True,full,31,4123,TECH|DIGITAL WELLNESS|MINDFULNESS|SCREEN TIME,"Is digital wellness just a trend? Tom's porch debate about phones, presence, and what we're actually doing here.","5:45 PM, Dec 11",90,False,False,,False,False,False,False,False,False,False,0,,False,False,False,False,False,False,False,False,False,0
post-sustainable-tech.html,Technology for Good: Local Innovations,517,images/ads/silk-tech-banner.webp|images/ads/silk-yoga-banner.webp,images/samples/690x450/tech-sustainable.webp,Jordan Hayes,David Chen|Jordan Hayes|Omar Hassan,TECH,True,True,True,False,True,full,25,2687,TECH|LOCAL INNOVATION|SOCIAL IMPACT|COMMUNITY TECH,"While Silicon Valley chases unicorns and disruption, local technologists are building tools that actually improve lives: accessible healthcare, sustai","2:00 PM, Jan 8",85,False,False,,False,False,False,False,False,False,False,0,,False,False,False,False,False,False,False,False,False,0
post-tech-intentionality.html,The Community Calendar That Brought Us Together,1259,images/articles/tech-intentionality.webp,images/articles/tech-intentionality.webp,Annie Walsh,Annie Walsh|Maya Chen|Omar Hassan,TECH,True,True,True,False,True,full,16,1923,COMMUNITY|INNOVATION|INTENTIONAL TECH,How a simple shared calendar became the beating heart of neighborhood connection—proving that the best technology disappears into the background of human moments.,"5:00 PM, Dec 22",90,False,False,,False,False,False,False,False,False,False,0,,False,False,False,False,False,False,False,False,False,0
post-tech-modern-wellness.html,The Digital Sunset Ritual,1394,images/articles/tech-modern-wellness.webp,images/articles/tech-modern-wellness.webp,Rachel Kim,Kevin Lee|Marcus Webb|Omar Hassan|Rachel Kim,TECH,True,True,True,False,True,full,18,2134,DIGITAL WELLNESS|BOUNDARIES|INTENTIONAL LIVING,"How one community member created a daily ritual to reclaim evenings from digital overwhelm, using nothing more than a wooden box and Victorian-era wisdom.","2:15 PM, Dec 21",90,False,False,,False,False,False,False,False,False,False,0,,False,False,False,False,False,False,False,False,False,0
post-tech-sustainable.html,The Laptop That Wouldn't Die,1557,images/articles/tech-sustainable.webp,images/articles/tech-sustainable.webp,Sam Rivera,Kevin Lee|Maya Chen|Omar Hassan|Sam Rivera,TECH,True,True,True,False,True,full,21,2567,SUSTAINABILITY|REPAIR CULTURE|E-WASTE,"How a 2012 laptop and a stubborn refusal to participate in planned obsolescence became a statement about sustainability, community skill-sharing, and what we owe the planet.","1:30 PM, Dec 23",90,False,False,,False,False,False,False,False,False,False,0,,False,False,False,False,False,False,False,False,False,0
post-tech-digital-wellness.html,The Phantom Buzz: One Developer's Peace with Spotty Service,628,images/articles/tech-digital-wellness-porch.webp|images/ads/silk-tech-banner.webp|images/ads/silk-yoga-banner.webp|images/ads/silk-homes-banner.webp,images/articles/tech-digital-wellness-porch.webp,Jordan Hayes,Jordan Hayes|Omar Hassan|Tom Richardson,TECH,True,True,True,False,True,full,21,3456,TECH|DIGITAL WELLNESS|MINDFULNESS,A San Francisco developer moves to Ravenswood and discovers that spotty cell service isn't a problem—it's the solution to phone anxiety.,"2:30 PM, Dec 19",85,False,False,,False,False,False,False,False,False,False,0,,False,False,False,False,False,False,False,False,False,0
post-tech-wellness-app.html,When Your Phone Barely Works: Tech Choices in Low-Signal Appalachia,1058,images/articles/tech-wellness-app.webp|images/ads/silk-tech-banner.webp|images/ads/silk-cafe-banner.webp,images/articles/tech-wellness-app.webp,Maya Chen,Kevin Lee|Marcus Webb|Maya Chen|Omar Hassan,TECH,True,True,True,False,True,full,17,2765,TECH|WELLNESS|APPS,How does our community actually use technology when cell service is spotty and intentionality is everything?,"4:00 PM, Dec 17",90,False,False,,False,False,False,False,False,False,False,0,,False,False,False,False,False,False,False,False,False,0
post-tech-coworking-innovation.html,Zoom Calls from a Victorian Parlor,1154,images/articles/tech-coworking-innovation.webp|images/ads/silk-tech-banner.webp|images/ads/silk-yoga-banner.webp|images/ads/silk-homes-banner.webp,images/articles/tech-coworking-innovation.webp,Sam Rivera,Bill Henderson|Maya Chen|Omar Hassan|Sam Rivera,TECH,True,True,True,False,True,full,15,1847,REMOTE WORK|COMMUNITY|VICTORIAN HOMES,One community member's journey of balancing remote tech work with intentional living in a 1890s Victorian cottage with spotty WiFi and crooked floors.,"10:15 AM, Dec 18",90,False,False,,False,False,False,False,False,False,False,0,,False,False,False,False,False,False,False,False,False,0
post-yoga-early-morning.html,5:30 AM in the Parlor,423,images/articles/yoga-morning-debate.webp|images/ads/silk-yoga-banner.webp|images/ads/silk-yoga-banner.webp|images/ads/silk-cafe-banner.webp,images/articles/yoga-morning-debate.webp,Elena Martinez,Elena Martinez|Emma Clarke|Maya Chen|Rachel Kim|Sarah Mitchell|Tom Richardson,YOGA,True,True,True,True,True,full,16,3421,YOGA|WELLNESS|MORNING PRACTICE|COMMUNITY,"Morning yoga: too early or just right? Pre-dawn conversations about sleep, practice, and why we keep showing up.","8:15 AM, Dec 7",95,False,False,,False,False,False,False,False,False,False,0,,False,False,False,False,False,False,False,False,False,0
post-yoga-quiet-moments.html,6:23 AM: The Stretches Before the Run,1339,images/homepage/hp-yoga-quiet-moments-330.webp|images/ads/silk-yoga-banner.webp|images/ads/silk-yoga-banner.webp|images/ads/silk-cafe-banner.webp,images/homepage/hp-yoga-quiet-moments-330.webp,Tom Richardson,Bill Henderson|Elena Martinez|Emma Clarke|Sarah Mitchell|Tom Richardson,YOGA,True,True,True,True,False,full,12,2847,MORNING PRACTICE|STRETCHING|RUNNING|WELLNESS,"Tom Richardson's pre-run ritual: ten minutes of stretching in a Victorian cottage before dawn, when no one's watching and nothing hurts yet.","6:23 AM, Dec 22",95,False,False,,False,False,False,False,False,False,False,0,,False,False,False,False,False,False,False,False,False,0
post-breath-work.html,Breathwork for Modern Life,1116,images/ads/silk-yoga-banner.webp|images/ads/silk-yoga-banner.webp|images/ads/silk-homes-banner.webp,images/samples/690x450/yoga-breathwork.webp,Jordan Rivers,Evie Stone,YOGA,True,True,True,False,False,full,18,3215,BREATHWORK|PRANAYAMA|WELLNESS,Ancient breathing techniques adapted for modern stress and anxiety.,"9:30 AM, Dec 18",85,False,False,,False,False,False,False,False,False,False,0,,False,False,False,False,False,False,False,False,False,0
post-yoga-dance.html,Dancing in the Bay Window: How Movement Found Me Again,562,images/articles/living-room-movement.webp|images/ads/silk-yoga-banner.webp|images/ads/silk-yoga-banner.webp|images/ads/silk-homes-banner.webp,images/articles/living-room-movement.webp,Annie Walsh,Annie Walsh|Evie Stone|Jacob Torres,YOGA,True,True,True,True,True,full,8,1247,MOVEMENT|COMMUNITY|LIVING ROOM PRACTICE|RAVENSWOOD,"After years away from dance, Annie Walsh rediscovered movement in her Victorian living room. What started as personal practice became an unexpected gathering.","3:30 PM, Dec 16",93,False,False,,False,False,False,False,False,False,False,0,,False,False,False,False,False,False,False,False,False,0
post-prenatal-yoga.html,Honoring Motherhood: A Guide to Prenatal Practice,794,images/articles/prenatal-yoga-practice.png|images/ads/silk-yoga-banner.webp|images/ads/silk-yoga-banner.webp|images/ads/silk-homes-banner.webp,images/articles/prenatal-yoga-practice.png,Sarah Mitchell,Sarah Mitchell,YOGA,True,True,True,False,False,full,27,3512,PRENATAL YOGA|PREGNANCY|MOTHERHOOD|MINDFUL PARENTING,"Discover how prenatal yoga supports expecting mothers through pregnancy, honoring the profound transformation of bringing new life into the world.","10:00 AM, Dec 15",100,True,True,articles/prenatal-yoga/media/,True,True,True,True,True,True,True,100,articles/prenatal-yoga/index.html,False,False,False,False,False,False,False,False,False,0
post-kundalini.html,Kundalini Awakening: Jacob Spencer on Energy Work,853,images/articles/kundalini-practice.webp|images/ads/silk-yoga-banner.webp|images/ads/silk-arts-banner.webp,images/articles/kundalini-practice.webp,Jacob Torres,Iris Yamamoto|Jacob Torres,YOGA,True,True,True,False,True,full,8,1892,KUNDALINI|ENERGY WORK|YOGA,Jacob Spencer doesn't fit the typical image of a yoga instructor. His journey to Kundalini practice through back pain changed everything.,"December 13, 2024",88,False,False,,False,False,False,False,False,False,False,0,,False,False,False,False,False,False,False,False,False,0
post-yoga-sunrise-stretch.html,Sunrise Rituals: Beginning Your Day with Intention,738,images/articles/yoga-sunrise-stretch.webp|images/ads/silk-yoga-banner.webp|images/ads/silk-arts-banner.webp|images/ads/silk-homes-banner.webp,images/articles/yoga-sunrise-stretch.webp,Maya Chen,Maya Chen|Tom Richardson,YOGA,True,True,True,False,True,full,21,3287,SUNRISE|MORNING RITUALS|YOGA|INTENTIONAL LIVING,"Discover the transformative power of sunrise rituals, gentle morning stretches, and creating sacred morning time for intentional living.","5:45 AM, Dec 17",85,False,False,,False,False,False,False,False,False,False,0,,False,False,False,False,False,False,False,False,False,0
post-yoga-mindful-movement.html,The Attic Book Discovery,665,images/articles/yoga-mindful-movement.webp|images/ads/silk-yoga-banner.webp|images/ads/silk-yoga-banner.webp|images/ads/silk-homes-banner.webp,images/articles/yoga-mindful-movement.webp,Jacob Torres,Evie Stone|Jacob Torres|Rachel Kim,YOGA,True,True,True,False,True,full,12,2847,YOGA|SELF-DISCOVERY|MINDFUL MOVEMENT|SOLO PRACTICE,Jacob finds an old yoga book in his Victorian cottage's attic and stumbles into a solo practice that changes how he moves through his days.,"7:15 AM, Dec 15",85,False,False,,False,False,False,False,False,False,False,0,,False,False,False,False,False,False,False,False,False,0
post-yoga-meditation-garden.html,The Bench Behind Annie's Cottage,622,images/articles/yoga-meditation-garden.webp|images/ads/silk-yoga-banner.webp|images/ads/silk-yoga-banner.webp|images/ads/silk-homes-banner.webp,images/articles/yoga-meditation-garden.webp,Emma Clarke,Elena Martinez|Emma Clarke|Rachel Kim|Sarah Mitchell|Tom Richardson,YOGA,True,True,True,True,False,full,14,3215,MEDITATION|MINDFULNESS|COMMUNITY|WELLNESS,"Annie put a bench under the old maple tree in her backyard. She called it a meditation space. Mostly it's just a place to sit, but sometimes that's enough.","8:00 AM, Dec 14",90,False,False,,False,False,False,False,False,False,False,0,,False,False,False,False,False,False,False,False,False,0
post-yoga-evening-unwind.html,The Evening Unwind,878,images/homepage/hp-yoga-evening-unwind-330.webp|images/ads/silk-cafe-banner.webp|images/ads/silk-yoga-banner.webp|images/ads/silk-homes-banner.webp,images/homepage/hp-yoga-evening-unwind-330.webp,Rachel Kim,Elena Martinez|Emma Clarke|Jordan Hayes|Rachel Kim|Tom Richardson|Yuki Tanaka,YOGA,True,True,True,True,True,full,12,2847,YOGA|WELLNESS|EVENING PRACTICE|DESK WORK,"Rachel Kim shares her awkward evening yoga practice—stretching out eight hours of hunched shoulders and screen time on a living room rug, learning to undo what the day did to her body.","7:23 PM, Dec 20",100,False,False,,False,False,False,False,False,False,False,0,,False,False,False,False,False,False,False,False,False,0
post-yoga-morning-flow.html,The Parlor Floor Practice,624,images/articles/morning-practice-parlor.webp|images/ads/silk-yoga-banner.webp|images/ads/silk-yoga-banner.webp|images/ads/silk-homes-banner.webp,images/articles/morning-practice-parlor.webp,Sarah Mitchell,David Chen|Rachel Kim|Sarah Mitchell,YOGA,True,True,True,False,False,full,15,3142,YOGA|WELLNESS|MORNING PRACTICE|BEGINNERS,"Sarah Mitchell shares her imperfect morning yoga practice in a converted Victorian parlor—creaky floors, wavy glass windows, and the quiet ritual of showing up inconsistently.","6:30 AM, Dec 19",100,True,True,articles/yoga-morning-flow/media/,True,True,True,True,True,True,True,100,articles/yoga-morning-flow/index.html,False,False,False,False,False,False,False,False,False,0
post-yoga-porch-stretch.html,The Porch Stretch,667,images/articles/yoga-porch-stretch.png|images/ads/silk-yoga-banner.webp|images/ads/silk-yoga-banner.webp|images/ads/silk-homes-banner.webp,images/articles/yoga-porch-stretch.png,Evie Stone,Bill Henderson|Evie Stone|Jacob Torres|Maya Chen|Tom Richardson,YOGA,True,True,True,False,False,full,14,2847,YOGA|MORNING PRACTICE|SOLO PRACTICE|MINDFUL MOVEMENT,"Evie has been practicing yoga for twenty years, but her favorite practice isn't in a studio or on a mat—it's five minutes of stretching on her Victorian porch before the town wakes up.","5:45 AM, Dec 10",100,True,True,articles/yoga-porch-stretch/media/,True,True,True,True,True,True,True,100,articles/yoga-porch-stretch/index.html,False,False,False,False,False,False,False,False,False,0
post-morning-practice.html,The Power of Morning Practice,1257,images/ads/silk-yoga-banner.webp|images/ads/silk-yoga-banner.webp|images/ads/silk-homes-banner.webp,images/samples/690x450/yoga-morning-practice.webp,Maya Chen,Evie Stone|Maya Chen|Sarah Mitchell,YOGA,True,True,True,True,True,full,12,2847,YOGA|WELLNESS|MINDFULNESS,Discover how a morning practice can transform your day and set the foundation for intentional living.,"6:00 AM, Dec 20",100,False,False,,False,False,False,False,False,False,False,0,,False,False,False,False,False,False,False,False,False,0
post-silk-diet.html,"The SILK Diet: How Strength, Integrity, Love & Knowledge Guide Wellness",919,images/articles/silk-diet.webp|images/ads/silk-yoga-banner.webp|images/ads/silk-yoga-banner.webp|images/ads/silk-homes-banner.webp,images/articles/silk-diet.webp,Maya Chen,Bill Henderson|Emma Clarke|Evie Stone|Jesse Martinez|Maya Chen|Rachel Kim|Sarah Mitchell|Tom Richardson,YOGA,True,True,True,True,False,full,15,2847,WELLNESS|SILK VALUES|INTENTIONAL LIVING|PHILOSOPHY,"Maya Chen explores how the SILK philosophy—Strength, Integrity, Love, and Knowledge—transforms daily wellness choices into a sustainable practice of living whole.","7:15 AM, Dec 14",95,False,False,,False,False,False,False,False,False,False,0,,False,False,False,False,False,False,False,False,False,0
post-yoga-gentle-morning.html,The Sun Porch Practice: Gentle Yoga at 71,1028,images/homepage/hp-yoga-gentle-morning-330.webp|images/ads/silk-yoga-banner.webp|images/ads/silk-yoga-banner.webp|images/ads/silk-arts-banner.webp,images/homepage/hp-yoga-gentle-morning-330.webp,"Patricia ""Pat"" O'Brien",Evie Stone|Grace Thompson|Rosa Delgado|Ruth Goldstein|Tom Richardson,YOGA,True,True,True,True,False,full,18,2841,GENTLE YOGA|SENIOR WELLNESS|MORNING PRACTICE|SELF-COMPASSION,Pat O'Brien discovers that yoga at 71 isn't about touching your toes—it's about what you learn on the way down.,"7:12 AM, Dec 21",95,False,False,,False,False,False,False,False,False,False,0,,False,False,False,False,False,False,False,False,False,0
post-yoga-breathing.html,The Window Seat Breathing Practice,636,images/articles/yoga-breathing.webp|images/ads/silk-yoga-banner.webp|images/ads/silk-yoga-banner.webp|images/ads/silk-homes-banner.webp,images/articles/yoga-breathing.webp,Maya Chen,Emma Clarke|Iris Yamamoto|Maya Chen|Sarah Mitchell|Tom Richardson,YOGA,True,True,True,True,False,full,18,3256,YOGA|BREATHING|STRESS RELIEF|PRANAYAMA,"When work stress threatened to overwhelm her, Maya discovered that sitting by her Victorian window and counting breaths was more powerful than any app or advice.","9:45 AM, Dec 14",90,False,False,,False,False,False,False,False,False,False,0,,False,False,False,False,False,False,False,False,False,0
post-mindful-holidays.html,The Year We Skipped Christmas,863,images/articles/mindful-holidays.webp|images/ads/silk-yoga-banner.webp|images/avatars/bill-henderson.webp|images/avatars/emma-clarke.webp|images/avatars/sarah-mitchell.webp|images/avatars/tom-richardson.webp|images/avatars/rosa-delgado.webp|images/ads/silk-corp-banner.webp|images/ads/silk-yoga-banner.webp,images/articles/mindful-holidays.webp,Annie Walsh,Annie Walsh|Bill Henderson|Emma Clarke|Rosa Delgado|Sarah Mitchell|Tom Richardson,YOGA,True,True,True,True,True,full,5,2500,MINDFULNESS|HOLIDAYS|INTENTIONAL LIVING|COMMUNITY,"We didn't skip it entirely - we just stripped away everything that didn't serve staying centered. Turns out, not much was left.","9:00 AM, Dec 20, 2025",98,False,False,,False,False,False,False,False,False,False,0,,False,False,False,False,False,False,False,False,False,0
post-yoga-group-meditation.html,Together in Stillness: The Power of Group Meditation,644,images/articles/yoga-group-meditation.webp|images/ads/silk-yoga-banner.webp|images/ads/silk-yoga-banner.webp|images/ads/silk-homes-banner.webp,images/articles/yoga-group-meditation.webp,Elena Martinez,Elena Martinez|Iris Yamamoto|Rachel Kim,YOGA,True,True,True,False,False,full,18,2956,MEDITATION|COMMUNITY|MINDFULNESS|GROUP PRACTICE,Explore the transformative power of meditating together and how group energy enhances individual practice and builds community.,"7:00 PM, Dec 18",100,True,True,articles/yoga-group-meditation/media/,True,True,True,True,True,True,True,100,articles/yoga-group-meditation/index.html,False,False,False,False,False,False,False,False,False,0
post-meditation.html,Twenty Minutes I Didn't Think I Had,828,images/articles/meditation-practice.png|images/ads/silk-yoga-banner.webp|images/ads/silk-homes-banner.webp,images/articles/meditation-practice.png,Sam Rivera,Emma Clarke|Iris Yamamoto|Maya Chen|Peter Novak|Sam Rivera|Sarah Mitchell|Tom Richardson,YOGA,True,True,True,True,False,full,16,2847,MEDITATION|MINDFULNESS|MORNING PRACTICE|BEGINNERS,"Sam Rivera's honest account of starting a meditation practice in a Victorian cottage—awkward silences, wandering thoughts, and learning that stillness doesn't mean emptiness.","7:15 AM, Dec 14",95,False,False,,False,False,False,False,False,False,False,0,,False,False,False,False,False,False,False,False,False,0
post-yoga-stillness.html,Twenty Minutes of Nothing,659,images/articles/yoga-stillness.webp|images/ads/silk-yoga-banner.webp|images/ads/silk-yoga-banner.webp|images/ads/silk-homes-banner.webp,images/articles/yoga-stillness.webp,Sam Rivera,Sam Rivera,YOGA,True,True,True,False,True,full,16,2973,MEDITATION|STILLNESS|MINDFULNESS|SOLO PRACTICE,Sam discovers that sitting still in their Victorian parlor for twenty minutes isn't about clearing the mind—it's about learning to coexist with whatever shows up.,"5:30 AM, Dec 13",85,False,False,,False,False,False,False,False,False,False,0,,False,False,False,False,False,False,False,False,False,0
post-yoga-river-breathing.html,What the River Taught Me About Breathing,831,images/articles/yoga-river-breathing.webp|images/ads/silk-arts-banner.webp|images/ads/silk-cafe-banner.webp|images/ads/silk-yoga-banner.webp|images/ads/silk-homes-banner.webp,images/articles/yoga-river-breathing.webp,Iris Yamamoto,Elena Martinez|Iris Yamamoto|Jacob Torres|Maya Chen|Sam Rivera,YOGA,True,True,True,False,False,full,12,2847,YOGA|MEDITATION|BREATHING|RIVER PRACTICE,"Iris Yamamoto shares how sitting by the Ohio River each morning taught her what years of meditation instruction couldn't—that the breath moves like water, and sometimes resistance is the practice.","6:12 AM, Dec 22",85,False,False,,False,False,False,False,False,False,False,0,,False,False,False,False,False,False,False,False,False,0
post-yoga-beginners.html,When Your Cat Judges Your Downward Dog,835,images/ads/shared/silk-yoga-banner.webp|images/articles/yoga-beginner-home.webp|images/articles/yoga-beginners-02.webp|images/articles/yoga-beginners-03.webp|images/ads/banner/yoga-beginners-banner.webp|images/articles/yoga-beginners-04.webp|images/avatars/rachel-kim.webp|images/ads/sidebar/yoga-beginners-sidebar.webp|images/ads/shared/silk-homes-banner.webp|images/ads/sidebar/yoga-beginners-sidebar.webp,images/articles/yoga-beginner-home.webp,Rachel Kim,Emma Clarke|Evie Stone|Maya Chen|Rachel Kim|Sarah Mitchell,YOGA,True,True,True,True,False,full,5,3256,YOGA|BEGINNERS|HOME PRACTICE|SELF PRACTICE,"Rachel's first awkward attempts at home yoga practice—featuring a judgmental cat, questionable flexibility, and the slow realization that yoga doesn't have to look perfect.","8:45 AM, Dec 10",93,True,True,articles/yoga-beginners/media/,True,True,True,True,True,True,True,100,articles/yoga-beginners/index.html,True,True,True,True,False,True,True,True,True,80
