path,description
images/ads/shared/silk-arts-banner.png,"Three people working on pottery at wheels in a warm, sunlit studio with Japanese-style windows and shelves of ceramic pieces."
images/ads/shared/silk-arts-banner.webp,"Three people working on pottery at wheels in a warm, sunlit studio with Japanese-style windows and shelves of ceramic pieces."
images/ads/shared/silk-cafe-banner.png,"Close-up of a steaming coffee cup with a pastry on a wooden table in a modern cafe, with blurred people conversing in the background."
images/ads/shared/silk-cafe-banner.webp,"Close-up of a steaming coffee cup with a pastry on a wooden table in a modern cafe, with blurred people conversing in the background."
images/ads/shared/silk-franchise-strip.png,"Blurred motion image with FRANCHISE OPPORTUNITY text overlaid on a cozy kitchen scene with table settings."
images/ads/shared/silk-franchise-strip.webp,"Wide panoramic blurred motion image with FRANCHISE OPPORTUNITY text and fragmented interior scenes."
images/ads/shared/silk-franchise-wide.png,"SILK Corp promotional banner showing Start Your Own SILK Community with three images: modern building, cozy interior, and Victorian house."
images/ads/shared/silk-franchise-wide.webp,"SILK Corp promotional banner showing Start Your Own SILK Community with three images: modern building, cozy interior, and Victorian house."
images/ads/shared/silk-homes-banner.png,"Exterior of a charming Victorian cottage with wraparound porch, warm lighting, and lush garden at golden hour with SILK Homes branding."
images/ads/shared/silk-homes-banner.webp,"Exterior of a charming Victorian cottage with wraparound porch, warm lighting, and lush garden at golden hour with SILK Homes branding."
images/ads/shared/silk-tech-banner.png,"Woman in blue sweater working on laptop at wooden table with plants, coffee, and natural window light in a period home."
images/ads/shared/silk-tech-banner.webp,"Woman in blue sweater working on laptop at wooden table with plants, coffee, and natural window light in a period home."
images/ads/shared/silk-yoga-banner.png,"Woman meditating in lotus position in a bright room with three arched windows, wearing light purple, with SILK Yoga - Find Your Practice text."
images/ads/shared/silk-yoga-banner.webp,"Woman meditating in lotus position in a bright room with three arched windows, wearing light purple, with SILK Yoga - Find Your Practice text."
images/articles/arts-ceramics-workshop.webp,"Hands shaping clay on a pottery wheel in a warm studio with shelves of finished ceramic bowls and pottery tools."
images/articles/arts-corner-transformation.png,"Victorian-style art corner with floral wallpaper, round table with easel, art supplies, and botanical sketches pinned to wall."
images/articles/arts-corner-transformation.webp,"Victorian-style art corner with floral wallpaper, round table with easel, art supplies, and botanical sketches pinned to wall."
images/articles/arts-creative-expression.png,"Close-up of hands doing embroidery work in a cozy parlor with vintage armchair and craft materials scattered on table."
images/articles/arts-creative-expression.webp,"Close-up of hands doing embroidery work in a cozy parlor with vintage armchair and craft materials scattered on table."
images/articles/arts-first-friday-parlor.png,"Ornate Victorian parlor with floral wallpaper, arched windows, green and burgundy velvet chairs, and a small round table."
images/articles/arts-first-friday-parlor.webp,"Ornate Victorian parlor with floral wallpaper, arched windows, green and burgundy velvet chairs, and a small round table."
images/articles/arts-gallery-night.png,"Richly decorated Victorian room with dark wood paneling, fireplace, portraits, landscape paintings, oil lamp, and tea service by window."
images/articles/arts-gallery-night.webp,"Richly decorated Victorian room with dark wood paneling, fireplace, portraits, landscape paintings, oil lamp, and tea service by window."
images/articles/arts-painting-class.webp,"Bright art studio with several people painting at easels, modern industrial space with white brick walls and large windows."
images/articles/arts-painting-nook.png,"Cozy painting corner with window view, floral chair, desk with watercolor supplies and brushes in natural afternoon light."
images/articles/arts-painting-nook.webp,"Cozy painting corner with window view, floral chair, desk with watercolor supplies and brushes in natural afternoon light."
images/articles/arts-photography.png,"Round Victorian table with two vintage Polaroid cameras, instant photos, teacup, and vintage lamp between two wingback chairs."
images/articles/arts-photography.webp,"Round Victorian table with two vintage Polaroid cameras, instant photos, teacup, and vintage lamp between two wingback chairs."
images/articles/arts-public-spaces.png,"Community group admiring Ravenswood Community Art mural on brick building during golden hour on small-town street."
images/articles/arts-public-spaces.webp,"Community group admiring Ravenswood Community Art mural on brick building during golden hour on small-town street."
images/articles/arts-sculptor.png,"Man in flannel shirt working on wooden sculpture pieces at kitchen table in Victorian home with large windows and radiator."
images/articles/arts-sculptor.webp,"Man in flannel shirt working on wooden sculpture pieces at kitchen table in Victorian home with large windows and radiator."
images/articles/arts-studio-portrait.webp,"Artist in light clothing and hat painting colorful abstract art on large canvas in bright industrial loft studio."
images/articles/basement-pottery-corner.png,"Rustic basement pottery studio with exposed stone walls, wooden shelves full of ceramic pieces, pottery wheel, and window with mountain view."
images/articles/basement-pottery-corner.webp,"Rustic basement pottery studio with exposed stone walls, wooden shelves full of ceramic pieces, pottery wheel, and window with mountain view."
images/articles/cafe-behind-scenes.png,"Five people gathered around candlelit dinner table in Victorian dining room with brass chandelier and dark wood paneling at dusk."
images/articles/cafe-behind-scenes.webp,"Five people gathered around candlelit dinner table in Victorian dining room with brass chandelier and dark wood paneling at dusk."
images/articles/cafe-brewing-story.png,"Older man in sweater examining homemade kombucha or fermented drinks in labeled bottles in vintage kitchen with leaded glass windows."
images/articles/cafe-brewing-story.webp,"Older man in sweater examining homemade kombucha or fermented drinks in labeled bottles in vintage kitchen with leaded glass windows."
images/articles/cafe-brunch-friends.webp,"Family of three sharing a meal at wooden table by tall arched windows with radiator, fresh bread, herbs, and tomatoes."
images/articles/cafe-coffee-debate.png,"Three people in period-style clothing stand in a vintage kitchen discussing coffee, with various coffee brewing equipment and cups arranged on a wooden table in warm natural light."
images/articles/cafe-coffee-debate.webp,"Three people in a rustic kitchen having an animated conversation about coffee, surrounded by multiple coffee brewing methods including French press, pour-over, and espresso machine with scattered coffee beans."
images/articles/cafe-coffee-gathering.png,"Four people gathered casually in a bright kitchen with large windows, some sitting and standing, sharing coffee and conversation in a relaxed morning setting."
images/articles/cafe-coffee-gathering.webp,"A cozy kitchen scene with four people casually gathered, one at the sink, others sitting and standing with coffee cups, bathed in natural window light with fresh fruit on the counter."
images/articles/cafe-farm-partners.png,"A person tending to a raised garden bed in early morning mist with Victorian houses visible in the background, working with seedlings in the soil."
images/articles/cafe-farm-partners.webp,"Someone kneeling in a backyard garden with raised beds, planting seedlings in misty morning light with a shed and Victorian homes in the background."
images/articles/cafe-farm-revolution.png,"A woman in a rustic kitchen sorting through abundant fresh produce including tomatoes and greens, with natural light streaming through lace-curtained windows."
images/articles/cafe-farm-revolution.webp,"An older person with gray hair in a vintage kitchen working with an abundance of colorful heirloom tomatoes, peppers, and fresh vegetables from the garden, arranged on a checkered tablecloth."
images/articles/cafe-farm-table.webp,"A simple kitchen counter with fresh bread, tomatoes on a plate, and a jar of milk in soft morning light through a window."
images/articles/cafe-latte-art.webp,"Close-up of hands pouring steamed milk from a metal pitcher into a white cup, creating latte art with a beautiful rosetta pattern in a modern kitchen setting."
images/articles/cafe-morning-coffee.png,"Two women sitting at a small wooden table by tall windows with frosted glass, sharing coffee and conversation in an intimate kitchen corner with potted plants."
images/articles/cafe-morning-coffee.webp,"Two women having an intimate coffee conversation at a wooden table positioned between two tall windows with textured glass, surrounded by houseplants in warm morning light."
images/articles/cafe-roasting-seasons.png,"Hands holding a steaming terracotta mug in a cozy vintage kitchen with open shelving, dried herbs, and flowers in a vase by the window."
images/articles/cafe-roasting-seasons.webp,"First-person view of hands wrapped around a steaming brown ceramic mug in a rustic kitchen with wooden counters, open shelving, and soft golden light through lace curtains."
images/articles/cafe-seasonal-harvest.png,"A diverse group of people gathered around a kitchen table processing fresh tomatoes together, smiling and working collaboratively in bright window light."
images/articles/cafe-seasonal-harvest.webp,"Six people gathered around a large wooden table covered with fresh tomatoes, mason jars, and cutting boards, working together to preserve the harvest in a sunny kitchen with a bay window."
images/articles/cafe-seasonal-menu.png,"A rustic kitchen counter displaying an abundant seasonal harvest of squash, pumpkins, root vegetables, potatoes, and fresh herbs with a handwritten menu card."
images/articles/cafe-seasonal-menu.webp,"Abundant autumn harvest spread on a farmhouse kitchen counter featuring various heirloom squashes, carrots, tomatoes, herbs, and a handwritten Autumn Squash Soup recipe card with copper pots hanging in the background."
images/articles/cafe-sourdough-starter.png,"Close-up of hands kneading bread dough on a floured surface by a sunny window with ceramic containers in the background."
images/articles/cafe-vegan-journey.png,"A woman in a coral-colored dress preparing fresh vegetables in a warm-toned vintage kitchen with open shelving displaying pottery and tea cups."
images/articles/cafe-vegan-journey.webp,"A woman in a pink/coral dress chopping fresh vegetables at a wooden counter in a vintage kitchen with salmon-colored walls, open shelving with dishes, and a basket of fresh garden produce."
images/articles/cohousing-kitchen.png,"Three people and a dog in a vintage kitchen with exposed ceiling beams cooking together, with one person preparing food at the center island in warm afternoon light."
images/articles/cohousing-kitchen.webp,"A multigenerational group of five people preparing food together in a cozy kitchen with exposed beams, large window, herb pots on the sill, and a golden retriever resting on the floor."
images/articles/community-kitchen.webp,"A large multigenerational group including children preparing fresh vegetables together around a long table in a bright kitchen with arched windows and hanging copper pots in an industrial-style converted space."
images/articles/community-living-debate.png,"A small group of people sitting in a Victorian parlor with Gothic arched windows, engaged in conversation over coffee and cookies on a low wooden table."
images/articles/community-living-debate.webp,"Six people sitting in a circle on couches in a bright Victorian living room with tall Gothic arched windows filled with houseplants, having coffee and conversation in golden afternoon light."
images/articles/community-potluck.png,"A Victorian dining room table laden with multiple bowls and dishes of potluck food, with lace curtains and an arched doorway visible in the soft natural light."
images/articles/community-potluck.webp,"A dark wood oval dining table covered with numerous bowls of potluck dishes including salads and casseroles in a Victorian dining room with lace curtains, antique chairs, and an arched doorway."
images/articles/farm-journey-hands.png,"Hands holding fresh garden vegetables including tomatoes, kale, yellow squash, and eggplant with roots still attached, with a flower garden and house visible in the background."
images/articles/farm-journey-hands.webp,"Close-up of hands cradling freshly harvested vegetables with soil on the roots including tomatoes, eggplant, squash, and leafy greens, with a Victorian house and abundant garden beds in the background."
images/articles/holiday-gifts.png,"A Victorian dining table covered with handmade holiday gifts including knitted items, pottery mugs, wrapped bread, books, candles, and cutting boards in warm afternoon light."
images/articles/holiday-gifts.webp,"A large wooden table filled with handcrafted holiday gifts including colorful knitted scarves and mittens, pottery mugs, beeswax candles, wrapped sourdough bread, vintage books, and wooden cutting boards with gift tags."
images/articles/home-community-garden.webp,"Three people working together in a sunny community garden with raised beds, one kneeling to plant while two others sit and stand nearby in casual conversation."
images/articles/home-community-gardens.png,"A woman kneeling in front of Victorian houses with decorative porches, tending to raised bed community gardens filled with vegetables in golden hour light."
images/articles/home-community-gardens.webp,"A woman in casual clothes working in raised bed gardens in the front yard of Victorian cottages with ornate porches and gingerbread trim, surrounded by abundant vegetable plants in warm evening light."
images/articles/home-community-gathering.webp,"A group of five people gathered on a wraparound porch at sunset with string lights and river views, sitting in rocking chairs around a cooler having a relaxed conversation."
images/articles/home-neighbors.png,"Four people and a golden retriever gathered on a Victorian porch at golden hour, sitting on steps and railing in casual conversation with flowering plants around them."
images/articles/home-neighbors.webp,"A multi-generational group of four people sitting on and around the steps of a white Victorian porch with decorative columns, accompanied by a golden retriever, in warm golden hour sunlight with flower pots and plants."
images/articles/home-restoration.webp,"A woman in overalls and work gloves carefully restoring ornate wooden molding or trim on a cabinet in a Victorian room with Gothic arched windows and tools laid out on a work table."
images/articles/home-sustainable-living-old.webp,"A woman in neutral linen clothing watering numerous houseplants in a bright modern minimalist apartment living room with large windows and blonde wood floors."
images/articles/home-sustainable-living.webp,"Woman standing at farmhouse sink in bright, cream-colored kitchen with natural light streaming through windows and lace curtains."
images/articles/home-tiny-house.png,"Woman with laptop in cozy tiny house interior featuring loft bed, built-in desk by window with Victorian house view outside, and warm lighting."
images/articles/home-tiny-house.webp,"Woman with laptop at window desk in tiny house with loft bed above, plants on windowsill, and Victorian cottage visible through window."
images/articles/home-winter-energy.png,"Person sitting cross-legged on hardwood floor by tall Victorian window with green curtains, reading papers with radiator and space heater nearby during snowy winter day."
images/articles/home-winter-energy.webp,"Person in cream sweater examining utility bills on floor beside vintage radiator and space heater by Victorian window during snowfall."
images/articles/homes-bill-changes.png,"Wooden deck with rain barrel, garden bed, and bench beside horizontal-sided house with misty valley view in background."
images/articles/homes-bill-changes.webp,"Rustic wooden porch with rain barrel water collection system, garden beds, and bench overlooking misty rural landscape."
images/articles/homes-community-stories.png,"Photo collage showing community dinner table, Victorian porch conversation, cat by window, vintage fridge with note, and jars of preserves."
images/articles/homes-community-stories.webp,"Vintage-style photo collage featuring communal dining scene, Victorian porch with couple, orange cat on windowsill, antique fridge, and canning jars."
images/articles/homes-intentional-living.png,"Sunlit Victorian bedroom with metal frame bed, tall windows, hardwood floors, antique chair with ottoman, and meditation cushion."
images/articles/homes-intentional-living.webp,"Peaceful Victorian bedroom with iron bed frame, two tall windows with natural light, vintage furniture, and yoga cushion on worn hardwood floors."
images/articles/homes-radiator-patience.png,"Close-up of hand reaching toward ornate vintage cast-iron radiator with oil lamp on dark wood surface in Victorian home."
images/articles/homes-sacred-spaces.png,"Minimalist meditation nook in Victorian bay window alcove with white cushion, dark wood trim, small altar shelf with plants and candle."
images/articles/homes-sacred-spaces.webp,"Serene meditation corner with round floor cushion in Victorian bay window featuring stained glass, wooden shelf with succulents and candle above."
images/articles/homes-sustainable-design.png,"Close-up of weathered Victorian window with ornate curtain, potted fern on worn sill, and soft countryside view through wavy antique glass."
images/articles/homes-sustainable-design.webp,"Aged Victorian window detail showing vintage patterned curtain, small potted plant, and blurred rural landscape through old glass pane."
images/articles/homes-tour.png,"Victorian hallway with dark wood trim, coat hooks with jackets, shoes lined up, community bulletin board, and sunlit rooms visible through doorways."
images/articles/homes-tour.webp,"Long Victorian hallway with dark wood doors and trim, entry coat rack, multiple pairs of shoes, and warm afternoon light from end rooms."
images/articles/intentional-living.webp,"Woman in white sitting cross-legged on jute rug in minimalist modern living room with monstera plants, linen sofa, and natural light."
images/articles/intentional-qa.png,"Four women gathered around kitchen table at night with green chalkboard wall featuring handwritten questions about community and intentional living."
images/articles/intentional-qa.webp,"Evening kitchen gathering with women at wooden table beneath vintage pendant lamp, chalkboard wall asking philosophical questions about community."
images/articles/kundalini-practice.webp,"Woman in white practicing meditation with mudra hands in modern room with large arched window, plants, and natural light."
images/articles/living-room-movement.png,"Two women practicing yoga poses on vintage rug in Victorian parlor with bay windows and period furniture."
images/articles/living-room-movement.webp,"Small thumbnail showing two people doing yoga stretches in Victorian-era living room."
images/articles/meditation-practice.png,"Woman in white meditating on cushion in bright minimalist space with text overlay Inner Peace: A Guide to Mindful Living."
images/articles/mindful-holidays.png,"Three people in Victorian parlor with arched windows - one meditating on floor with blanket, two sitting on sofas, fireplace with string lights and tea service."
images/articles/mindful-holidays.webp,"Cozy Victorian living room scene with woman meditating wrapped in knit blanket on floor, friends on couches, fireplace, and holiday atmosphere."
images/articles/morning-practice-parlor.png,"Man meditating in morning light in Victorian room with tall windows and original radiator."
images/articles/morning-practice-parlor.webp,"Man in meditation pose on mat in golden morning light from Victorian windows."
images/articles/pottery-studio-clay.webp,"Hands shaping clay vessel on pottery wheel in sunlit studio workshop with students and pottery shelves in background."
images/articles/prenatal-yoga-practice.png,"Pregnant woman in white seated in supported yoga pose with text overlay Honoring Motherhood in minimalist room."
images/articles/ravenswood-cottages.webp,"Golden hour view of white Victorian cottage with wraparound porch, hanging plants, and sister cottages visible in tree-lined neighborhood."
images/articles/sarah-portrait.webp,"Woman in rust-colored dress with cream cardigan sitting on wooden bench in wildflower meadow at sunset with stone wall and trees behind."
images/articles/sculpting-dreams.webp,"Female artist in apron working on large flowing transparent sculpture in bright studio apartment with dreamcatchers, wire art, and sketches."
images/articles/seasonal-recipes.webp,"Hands chopping tomato on cutting board surrounded by colorful fresh vegetables, herbs, and produce in farmhouse kitchen."
images/articles/silk-diet.webp,"Woman in white eating healthy meal at wooden table with abundant spread of salmon, salad, fruits, nuts, and chia water by window."
images/articles/silk-values-morning.png,"Woman in white dress sitting on floor reading by Victorian window with golden morning light, vintage furniture, and hardwood floors."
images/articles/silk-values-morning.webp,"Woman in white dress sitting on wooden floor by tall Victorian window, reading a book in warm morning sunlight with floral wallpaper and period furniture visible."
images/articles/tech-coworking-innovation.png,"Minimalist home office with arched Victorian windows, wooden desk with laptop, and warm natural lighting in a clean contemporary space."
images/articles/tech-coworking-innovation.webp,"Minimalist home office scene with arched windows and wooden desk in natural light."
images/articles/tech-digital-wellness-porch.png,"Laptop on Victorian porch railing at sunset with river valley view and decorative woodwork visible."
images/articles/tech-digital-wellness-porch.webp,"Laptop on porch scene overlooking river valley at golden hour."
images/articles/tech-digital-wellness.webp,"Woman in blue shirt sitting cross-legged on floor using tablet in bright, minimalist white room with modern furnishings."
images/articles/tech-intentionality.png,"Group gathered in Victorian parlor with burgundy sofas around coffee table, one person holding tablet, warm lighting from fireplace and wall sconces."
images/articles/tech-intentionality.webp,"Larger group of diverse ages seated in ornate Victorian parlor with rich burgundy furniture, tablets and phones visible, warm ambient lighting."
images/articles/tech-modern-wellness.png,"Man in cream sweater working at laptop in Victorian library with built-in bookshelves, green banker's lamp, and fireplace."
images/articles/tech-modern-wellness.webp,"Victorian library scene with man at wooden desk, laptop, tall windows, extensive bookshelves, and warm natural lighting."
images/articles/tech-sustainable.png,"Hands typing on laptop at vintage kitchen table with notebook, coffee mug, and green cabinets in background."
images/articles/tech-sustainable.webp,"Close-up of hands on laptop keyboard at kitchen table with vintage green cabinets, hanging herbs, coffee, and natural morning light."
images/articles/tech-wellness-app.png,"Man on Victorian porch at sunset holding phone up, wearing plaid shirt with mountain and river vista behind."
images/articles/tech-wellness-app.webp,"Man on porch at golden hour raising phone with scenic valley view."
images/articles/tech-wellness-debate.png,"Small group seated on Victorian porch at sunset overlooking river with mountains, casual gathering atmosphere."
images/articles/tech-wellness-debate.webp,"Larger group of 10+ people seated in circle on Victorian porch at golden hour with river valley view, holding journals and tablets."
images/articles/thrift-finds.webp,"Woman in wide-brimmed hat examining items in sunny Victorian parlor with vintage furniture, lace curtains, globe, and wicker basket of textiles."
images/articles/travel-nurse.webp,"Smiling woman in cardigan with stethoscope sitting outdoors in golden hour light with mountain forest landscape and backpack with travel patches."
images/articles/valley-artist-studio.png,"Artist's studio with easel showing river valley landscape painting, gothic arched windows, and art supplies on table."
images/articles/valley-artist-studio.webp,"Hands painting mountain river landscape on easel in brick studio with gothic arched windows, brushes, and palette visible."
images/articles/valley-calendar.png,"Tablet displaying colorful community events calendar held up against window overlooking porch at sunset."
images/articles/valley-calendar.webp,"Hand holding tablet with detailed calendar app showing community events in various colors, window reflection of porch visible."
images/articles/victory-gardens.webp,"Five people tending community garden beds with vegetables at golden hour, casual clothing in productive garden setting."
images/articles/winter-solstice.png,"Row of brick Victorian townhouses with bay windows glowing warm at dusk, snow on roofs and cobblestone street."
images/articles/winter-solstice.webp,"Close-up of snowy Victorian townhouse row with lit bay windows and candles visible inside, twilight blue hour atmosphere."
images/articles/year-review-2025.png,"Casual group gathering in Victorian parlor with papers spread on coffee table, warm laughter and tea service visible."
images/articles/year-review-2025.webp,"Larger intimate gathering of 8-10 people in cozy Victorian parlor with grandfather clock, laughing over papers and tea at night."
images/articles/yoga-beginner-home.png,"Woman in cream sweater doing yoga pose on rug in sunny Victorian parlor with orange cat investigating, fireplace and tea service nearby."
images/articles/yoga-beginner-home.webp,"Woman in downward dog pose on vintage rug with orange cat walking underneath, warm sunlight streaming through tall windows."
images/articles/yoga-breathing.png,"Woman sitting in meditation pose viewed from behind in minimalist room with hardwood floors and soft window light."
images/articles/yoga-breathing.webp,"Meditation scene from behind, woman centered in peaceful empty room with natural light."
images/articles/yoga-dance-meditation.png,"Woman in flowing beige dress dancing expressively in bright warehouse-style space with arched windows and wooden floor."
images/articles/yoga-group-meditation.webp,"Five people seated in meditation circle on grass cushions in lush garden with Victorian house visible in background."
images/articles/yoga-meditation-garden.png,"Wooden bench under large tree with stone circle meditation space, Victorian cottage visible through morning mist and wildflowers."
images/articles/yoga-meditation-garden.webp,"Serene garden meditation space with weathered bench, stone circle, Victorian house backdrop in soft misty light with colorful flowers."
images/articles/yoga-mindful-movement.png,"Woman in cozy Victorian parlor with yoga mat on floor, fireplace glowing, botanical prints on walls, warm intimate setting."
images/articles/yoga-mindful-movement.webp,"Victorian parlor with yoga mat ready, fire burning, wingback chair, and warm afternoon light through windows."
images/articles/yoga-morning-debate.png,"Small group seated on floor in evening Victorian bay window room with yoga mats, candle on low table, blue hour lighting."
images/articles/yoga-morning-debate.webp,"Six people in circle on floor with yoga mats in Victorian bay window room at dusk, candle centerpiece, botanical prints, intimate discussion atmosphere."
images/articles/yoga-morning-flow.webp,"Woman in tree pose wearing athletic wear in bright minimalist studio with tall windows, plants, and macrame wall hanging."
images/articles/yoga-porch-stretch.png,"Woman in white shirt doing a standing side stretch on a Victorian porch with green railings and misty valley view in the background."
images/articles/yoga-river-breathing.png,"Woman in grey sweater sitting in meditation pose on a Victorian porch with misty river valley view and morning light."
images/articles/yoga-river-breathing.webp,"Woman in grey sweater sitting in meditation pose on a Victorian porch with misty river valley view and morning light."
images/articles/yoga-stillness.png,"Victorian parlor interior with tall arched windows, original radiator, white meditation cushion, vintage armchair, and warm natural light on hardwood floors."
images/articles/yoga-stillness.webp,"Victorian parlor interior with tall arched windows, original radiator, white meditation cushion, vintage armchair, and warm natural light on hardwood floors."
images/articles/yoga-sunrise-stretch.webp,"Woman in white doing a seated forward fold yoga pose by tall windows during sunrise in a modern bedroom with sage walls."
images/homepage/hp-arts-02.webp,"Victorian cottage interior showing rustic wooden table with lavender, honey jars, teapot, cups, wicker baskets, wooden spoons, and succulents on shelf with lace curtains."
images/homepage/hp-arts-05.webp,"Victorian cottage dining scene with rustic wooden table, homemade honeycomb, potted herbs, lavender bundles hanging from ceiling, mason jars, and large arched window overlooking countryside."
images/homepage/hp-bakery-12.webp,"Victorian cottage kitchen with wooden table, homemade sourdough bread, teapot, mugs, lavender sprigs, HELP YOURSELF sign, lace curtains, and vintage wood stove."
images/homepage/hp-cafe-04.webp,"Cozy Victorian cottage kitchen dining area with round wooden table, bread and wildflowers, hanging copper pots, dried herbs, and bright window with natural light streaming in."
images/homepage/hp-dining-09.webp,"Farm-to-table meal in cottage kitchen showing herb-crusted chicken with roasted vegetables and mashed potatoes on white plate, mason jar of iced tea with mint and lemon, fresh herbs, and rustic wood table."
images/homepage/hp-garden-08.webp,"Victorian cottage with wraparound porch and raised bed vegetable garden in misty morning light, showing abundant greens, climbing plants, and rural hillside backdrop."
images/homepage/hp-home-03.webp,"Cozy Victorian parlor with coral wingback chair by window overlooking rolling hills, featuring floral curtains, bookshelf, and small table with tea and books."
images/homepage/hp-lifestyle-06.webp,"Simple bedroom with metal bed frame, patchwork quilt, white shiplap walls, desk by window with books and trailing plants."
images/homepage/hp-meditation-13.webp,"Stone cottage porch at dusk with rocking chair, potted herbs, and sweeping valley view with autumn foliage."
images/homepage/hp-pottery-10.webp,"Rustic reading nook with leather chairs, floor-to-ceiling bookshelf, exposed beam ceiling, and arched window with pastoral view."
images/homepage/hp-sculpture-14.webp,"Cream armchair with knit throw beside stone fireplace with active fire, wide-plank floors, and soft winter sunlight."
images/homepage/hp-tech-07.webp,"Simple wooden desk with laptop, fern plant, and coffee mug by window with lace curtains and pastoral view."
images/homepage/hp-yoga-01.webp,"Woman in yoga pose silhouetted in Victorian parlor with three tall arched windows and morning light."
images/homepage/hp-yoga-11.webp,"Woman kneeling in meditation at dusk in Victorian bay window with radiator, warm lamp light creating intimate atmosphere."
